"CRN","ARRIVAL_TM","AUTOMOBILE_COUNT","BELTED_DEATH_COUNT","BELTED_SUSP_SERIOUS_INJ_COUNT","BICYCLE_COUNT","BICYCLE_DEATH_COUNT","BICYCLE_SUSP_SERIOUS_INJ_COUNT","BUS_COUNT","CHLDPAS_DEATH_COUNT","CHLDPAS_SUSP_SERIOUS_INJ_COUNT","COLLISION_TYPE","COMM_VEH_COUNT","CONS_ZONE_SPD_LIM","COUNTY","CRASH_MONTH","CRASH_YEAR","DAY_OF_WEEK","DEC_LATITUDE","DEC_LONGITUDE","DISPATCH_TM","DISTRICT","DRIVER_COUNT_16YR","DRIVER_COUNT_17YR","DRIVER_COUNT_18YR","DRIVER_COUNT_19YR","DRIVER_COUNT_20YR","DRIVER_COUNT_50_64YR","DRIVER_COUNT_65_74YR","DRIVER_COUNT_75PLUS","EST_HRS_CLOSED","FATAL_COUNT","HEAVY_TRUCK_COUNT","HORSE_BUGGY_COUNT","HOUR_OF_DAY","ILLUMINATION","INJURY_COUNT","INTERSECTION_RELATED","INTERSECT_TYPE","LANE_CLOSED","LATITUDE","LN_CLOSE_DIR","LOCATION_TYPE","LONGITUDE","MAX_SEVERITY_LEVEL","MCYCLE_DEATH_COUNT","MCYCLE_SUSP_SERIOUS_INJ_COUNT","MOTORCYCLE_COUNT","MUNICIPALITY","NONMOTR_COUNT","NONMOTR_DEATH_COUNT","NONMOTR_SUSP_SERIOUS_INJ_COUNT","NTFY_HIWY_MAINT","PED_COUNT","PED_DEATH_COUNT","PED_SUSP_SERIOUS_INJ_COUNT","PERSON_COUNT","POLICE_AGCY","POSSIBLE_INJ_COUNT","RDWY_SURF_TYPE_CD","RELATION_TO_ROAD","ROADWAY_CLEARED","ROAD_CONDITION","SCH_BUS_IND","SCH_ZONE_IND","SECONDARY_CRASH","SMALL_TRUCK_COUNT","SPEC_JURIS_CD","SUSP_MINOR_INJ_COUNT","SUSP_SERIOUS_INJ_COUNT","SUV_COUNT","TCD_FUNC_CD","TCD_TYPE","TFC_DETOUR_IND","TIME_OF_DAY","TOTAL_UNITS","TOT_INJ_COUNT","UNBELTED_OCC_COUNT","UNB_DEATH_COUNT","UNB_SUSP_SERIOUS_INJ_COUNT","UNK_INJ_DEG_COUNT","UNK_INJ_PER_COUNT","URBAN_RURAL","VAN_COUNT","VEHICLE_COUNT","WEATHER1","WEATHER2","WORKERS_PRES","WORK_ZONE_IND","WORK_ZONE_LOC","WORK_ZONE_TYPE","WZ_CLOSE_DETOUR","WZ_FLAGGER","WZ_LAW_OFFCR_IND","WZ_LN_CLOSURE","WZ_MOVING","WZ_OTHER","WZ_SHLDER_MDN","WZ_WORKERS_INJ_KILLED"
"2024017521","0941","0","0","0","0","0","0","0","0","0","4","1","","14","2","2024","4","40.832198","-77.803897","0931","2","0","0","0","0","0","2","0","0","","0","1","0","","","0","","1","","40 49:55.913","","0","77 48:14.029","0","0","0","0","14204","0","0","0","N","0","0","0","2","14410","0","","1.0","","1","N","N","N","0","","0","0","1","","2","","","2","0","0","0","0","0","0","2","0","2","03","03","","N","","","","","","","","","",""
"2024005875","0645","1","0","0","0","0","0","0","0","0","4","0","","14","1","2024","3","40.791806","-77.90875","0632","2","0","1","0","0","0","0","0","0","","0","0","0","","","0","N","0","","40 47:30.500","1","0","77 54:31.500","0","0","0","0","14206","0","0","0","N","0","0","0","2","14206","0","","1.0","730.0","7","N","N","N","1","","0","0","0","","0","N","","2","0","0","0","0","0","0","2","0","2","10","10","","N","","","","","","","","","",""
"2024007046","1721","1","0","0","0","0","0","0","0","0","4","0","","14","1","2024","5","40.823417","-77.886167","1717","2","0","0","0","0","0","0","0","0","","0","0","0","","","0","N","0","","40 49:24.300","","0","77 53:10.200","0","0","0","0","14216","0","0","0","N","0","0","0","1","14216","0","","2.0","","1","N","N","Y","0","","0","0","1","","0","","","2","0","0","0","0","0","0","2","0","2","03","03","","N","","","","","","","","","",""
"2024002495","0606","0","0","0","0","0","0","0","0","0","7","0","","14","1","2024","2","40.721581","-77.914335","0600","2","0","0","0","0","0","0","0","0","","0","0","0","","","1","N","0","","40 43:17.691","3","0","77 54:51.606","8","0","0","0","14206","0","0","0","N","0","0","0","1","14206","0","","4.0","705.0","2","N","N","N","0","","0","0","1","","0","N","","1","1","0","0","0","1","0","1","0","1","04","98","","N","","","","","","","","","",""
"2024026430","2328","1","0","0","0","0","0","0","0","0","98","0","","14","3","2024","5","40.799359","-78.003956","2328","2","0","0","0","0","0","1","0","0","","0","0","0","","","1","N","0","","40 47:57.692","","0","78 00:14.243","4","0","0","0","14209","0","0","0","N","0","0","0","1","68G07","1","","1.0","","1","N","N","N","0","","0","0","0","","0","","","1","1","0","0","0","0","0","1","0","1","03","03","","N","","","","","","","","","",""
"2024003681","1221","0","0","0","0","0","0","0","0","0","7","0","","14","1","2024","7","40.817505","-77.937615","1218","2","0","0","0","0","0","0","0","0","","0","0","0","","","0","N","0","","40 49:03.018","","0","77 56:15.414","0","0","0","0","14216","0","0","0","Y","0","0","0","2","68G07","0","","4.0","","7","N","N","N","0","","0","0","1","","0","","","1","0","0","0","0","0","0","2","0","1","10","","","N","","","","","","","","","",""
"2024006210","1941","0","0","0","0","0","0","0","0","0","7","0","","14","1","2024","5","40.893741","-78.221891","1918","2","0","0","0","0","0","1","0","0","","0","0","0","","","1","N","0","","40 53:37.467","","0","78 13:18.807","8","0","0","0","14406","0","0","0","N","0","0","0","2","68G07","0","","4.0","","1","N","N","N","0","","0","0","1","","0","","","1","1","1","0","0","1","0","2","0","1","03","03","","N","","","","","","","","","",""
"2024005448","1641","0","0","0","0","0","0","0","0","0","1","0","","14","1","2024","2","40.799413","-77.848237","1636","2","0","0","0","0","0","1","0","0","","0","0","0","","","1","","2","","40 47:57.885","","0","77 50:53.653","3","0","0","0","14410","0","0","0","N","0","0","0","2","14410","0","","1.0","","1","N","N","N","0","","1","0","2","","3","","","2","1","0","0","0","0","0","2","0","2","03","","","N","","","","","","","","","",""
"2024026434","0603","1","0","0","0","0","0","0","0","0","7","0","","14","3","2024","7","40.772859","-78.080663","0549","2","0","0","0","0","0","0","0","0","","0","0","0","","","0","N","0","","40 46:22.293","1","0","78 04:50.386","0","0","0","0","14222","0","0","0","Y","0","0","0","1","68G07","0","","4.0","656.0","9","N","N","N","0","","0","0","0","","0","N","","1","0","0","0","0","0","0","1","0","1","07","05","","N","","","","","","","","","",""
"2024009512","1940","2","0","0","0","0","0","0","0","0","4","0","","14","1","2024","4","40.804751","-77.852226","1937","2","0","0","0","0","0","0","0","0","","0","0","0","","","0","","1","","40 48:17.103","","0","77 51:08.012","0","0","0","0","14204","0","0","0","N","0","0","0","2","14410","0","","1.0","","9","N","N","N","0","","0","0","0","","2","","","2","0","0","0","0","0","0","2","0","2","07","","","N","","","","","","","","","",""
"2024026369","1044","1","0","0","0","0","0","0","0","0","4","0","","14","3","2024","1","40.794338","-77.861501","1042","2","0","0","0","0","0","0","0","0","","0","0","0","","","0","N","0","","40 47:39.617","","0","77 51:41.403","0","0","0","0","14410","0","0","0","N","0","0","0","1","14410","0","","1.0","","1","N","N","N","0","","0","0","1","","0","","","2","0","0","0","0","0","0","2","0","2","03","03","","N","","","","","","","","","",""
"2024007889","2003","0","0","0","0","0","0","0","0","0","98","0","","14","1","2024","7","40.816228","-77.832907","1957","2","0","0","0","0","0","0","0","0","","0","0","0","","","0","N","0","","40 48:58.422","","0","77 49:58.466","0","0","0","0","14204","0","0","0","N","0","0","0","1","14410","0","","1.0","","1","N","N","N","0","","0","0","1","","0","","","1","0","0","0","0","0","0","2","0","1","03","03","","N","","","","","","","","","",""
"2024008028","1758","0","0","0","0","0","0","0","0","0","4","0","","14","1","2024","1","40.809079","-77.894705","1757","2","1","0","1","0","0","0","0","0","","0","0","0","","","0","","1","","40 48:32.684","","0","77 53:40.938","0","0","0","0","14216","0","0","0","N","0","0","0","4","14216","0","","1.0","","1","N","N","N","0","","0","0","3","","2","","","3","0","0","0","0","0","0","2","0","3","03","03","","N","","","","","","","","","",""
"2024026735","0911","0","0","0","0","0","0","0","0","0","7","0","","14","3","2024","7","41.003665","-77.608439","0852","2","0","0","0","0","0","1","0","0","","0","0","0","","","1","N","0","","41 00:13.194","6","0","77 36:30.381","3","0","0","0","14214","0","0","0","N","0","0","0","1","68G07","0","","4.0","1000.0","8","N","N","N","1","","1","0","0","","0","Y","","1","1","0","0","0","0","0","1","0","1","07","","","N","","","","","","","","","",""
"2024019456","0703","0","0","0","0","0","0","0","0","0","7","0","","14","1","2024","6","40.989865","-77.316195","0613","2","0","0","0","0","0","0","0","0","","0","0","0","","","1","N","0","","40 59:23.514","5","0","77 18:58.301","3","0","0","0","14215","0","0","0","N","0","0","0","1","68G07","0","","4.0","750.0","7","N","N","N","0","","1","0","1","","0","N","","1","1","0","0","0","0","0","1","0","1","10","02","","N","","","","","","","","","",""
"2024009885","1359","0","0","0","0","0","0","0","0","0","4","0","","14","1","2024","5","40.809246","-77.905522","1350","2","0","0","0","0","0","0","0","0","","0","0","0","","","0","","2","","40 48:33.284","1","0","77 54:19.879","0","0","0","0","14216","0","0","0","N","0","0","0","2","14216","0","","1.0","1405.0","9","N","N","N","0","","0","0","1","","2","N","","2","0","0","0","0","0","0","2","1","2","04","","","N","","","","","","","","","",""
"2024010005","1330","1","0","0","0","0","0","0","0","0","4","0","","14","1","2024","6","40.789706","-77.897004","1325","2","0","0","0","0","0","1","0","0","","0","0","0","","","1","N","0","","40 47:22.942","4","0","77 53:49.216","8","0","0","1","14206","0","0","0","N","0","0","0","3","14206","0","","1.0","1500.0","1","N","N","N","0","","0","0","0","","0","Y","","2","1","0","0","0","1","0","2","0","2","03","","","N","","","","","","","","","",""
"2024027189","1112","1","0","0","0","0","0","0","0","0","7","0","","14","3","2024","3","40.979664","-77.544112","1051","2","0","0","0","1","0","0","0","0","","0","0","0","","","0","N","0","","40 58:46.792","1","0","77 32:38.802","0","0","0","0","14224","0","0","0","N","0","0","0","1","68G07","0","","4.0","1135.0","1","N","N","N","0","","0","0","0","","0","N","","1","0","0","0","0","0","0","1","0","1","03","","","N","","","","","","","","","",""
"2024003839","1525","0","0","0","0","0","0","0","0","0","7","0","","14","1","2024","4","40.801493","-77.880056","1523","2","0","0","0","0","0","0","0","1","","0","0","0","","","1","N","0","","40 48:05.374","","7","77 52:48.202","3","0","0","0","14206","0","0","0","N","0","0","0","1","14206","0","","6.0","","1","N","N","N","0","","1","0","1","","0","","","1","1","0","0","0","0","0","2","0","1","08","04","","N","","","","","","","","","",""
"2024025533","1509","0","0","0","0","0","0","0","0","0","7","0","","14","3","2024","4","40.811271","-78.043084","1509","2","0","0","0","0","0","0","1","0","","0","0","0","","","0","N","0","","40 48:40.574","1","0","78 02:35.104","0","0","0","0","14225","0","0","0","Y","0","0","0","1","68G01","0","","4.0","100.0","1","N","N","N","0","","0","0","1","","0","N","","1","0","0","0","0","0","0","1","0","1","03","03","","N","","","","","","","","","",""
"2024025243","1415","1","0","0","0","0","0","0","0","0","4","0","","14","3","2024","3","40.892814","-77.469987","1355","2","0","0","1","0","0","1","0","0","","0","0","0","","","0","N","0","","40 53:34.131","3","0","77 28:11.954","0","0","0","0","14405","0","0","0","N","0","0","0","2","68G07","0","","1.0","1500.0","1","N","N","N","1","","0","0","0","","0","N","","2","0","1","0","0","0","0","1","0","2","03","","","N","","","","","","","","","",""
"2024008020","1645","2","0","0","0","0","0","0","0","0","4","0","","14","1","2024","1","40.832221","-77.799362","1635","2","0","0","0","0","0","0","0","0","","0","0","0","","","0","N","0","","40 49:55.994","","7","77 47:57.703","0","0","0","0","14204","0","0","0","N","0","0","0","2","14410","0","","1.0","","1","N","N","N","0","","0","0","0","","0","","","2","0","0","0","0","0","0","2","0","2","03","98","","N","","","","","","","","","",""
"2024001664","0945","0","0","0","0","0","0","0","0","0","4","0","","14","1","2024","6","40.834317","-77.802422","0943","2","0","0","0","0","0","0","1","1","","0","0","0","","","0","Y","0","","40 50:03.540","","0","77 48:08.718","0","0","0","0","14204","0","0","0","N","0","0","0","4","14410","0","","1.0","","1","N","N","N","0","","0","0","2","","2","","","2","0","0","0","0","0","0","2","0","2","03","03","","N","","","","","","","","","",""
"2024031104","1637","0","0","0","0","0","0","0","0","0","7","0","","14","4","2024","7","40.978408","-77.629107","1624","2","0","0","0","0","0","0","0","0","","0","0","0","","","0","N","0","","40 58:42.269","","0","77 37:44.784","0","0","0","0","14214","0","0","0","N","0","0","0","1","68G07","0","","4.0","","1","N","N","N","0","","0","0","1","","0","","","1","0","0","0","0","0","0","1","0","1","03","","","N","","","","","","","","","",""
"2024005132","1023","0","0","0","0","0","0","0","0","0","7","0","","14","1","2024","1","40.789035","-77.906312","1023","2","0","0","0","0","0","0","0","0","","0","0","0","","","0","","1","","40 47:20.526","","0","77 54:22.723","0","0","0","0","14206","0","0","0","N","0","0","0","1","14206","0","","2.0","","2","N","N","N","0","","0","0","1","","2","","","1","0","0","0","0","0","0","2","0","1","02","10","","N","","","","","","","","","",""
"2024029755","1549","1","0","0","0","0","0","0","0","0","1","0","","14","4","2024","5","40.829016","-77.840723","1549","2","0","0","0","0","0","1","0","0","","0","0","0","","","0","N","0","","40 49:44.456","","0","77 50:26.602","0","0","0","0","14204","0","0","0","N","0","0","0","2","68G07","0","","1.0","","9","N","N","N","1","","0","0","0","","0","","","2","0","0","0","0","0","0","1","0","2","09","","","N","","","","","","","","","",""
"2024032597","0659","0","0","0","0","0","0","0","0","0","7","1","","14","4","2024","5","40.945081","-77.73068","0647","2","0","0","0","0","0","1","0","0","","0","1","0","","","0","N","0","","40 56:42.293","4","0","77 43:50.447","0","0","0","0","14221","0","0","0","Y","0","0","0","1","68G07","0","","4.0","842.0","9","N","N","N","0","","0","0","0","","0","Y","","1","0","0","0","0","0","0","1","0","1","04","","","N","","","","","","","","","",""
"2024027197","0755","1","0","0","0","0","0","0","0","0","4","0","","14","3","2024","4","40.914758","-77.755063","0752","2","0","0","1","0","0","0","0","0","","0","0","0","","","1","","2","","40 54:53.128","","0","77 45:18.228","8","0","0","0","14401","0","0","0","N","0","0","0","2","14401","0","","1.0","","1","N","N","N","0","","0","0","0","","3","","","2","1","0","0","0","1","0","2","1","2","03","","","N","","","","","","","","","",""
"2024006152","1336","0","0","0","0","0","0","0","0","0","7","0","","14","1","2024","7","40.890485","-77.733142","1336","2","0","0","0","0","0","0","0","0","","0","0","0","","","0","N","0","","40 53:25.745","","0","77 43:59.311","0","0","0","0","14221","0","0","0","N","0","0","0","1","68G07","0","","4.0","","7","N","N","N","0","","0","0","1","","0","","","1","0","0","0","0","0","0","1","0","1","10","","","N","","","","","","","","","",""
"2024026058","2132","0","0","0","0","0","0","0","0","0","98","0","","14","3","2024","6","40.82768","-77.956441","2126","2","0","0","0","0","0","0","0","0","","0","0","0","","","0","N","0","","40 49:39.647","","0","77 57:23.188","0","0","0","0","14216","0","0","0","N","0","0","0","1","14216","0","","1.0","","1","N","N","N","0","","0","0","1","","0","","","1","0","0","0","0","0","0","2","0","1","03","03","","N","","","","","","","","","",""
"2024017781","2044","0","0","0","0","0","0","0","0","0","7","0","","14","2","2024","4","40.889673","-77.743717","2043","2","0","0","0","0","0","0","0","0","","0","0","0","","","0","","2","","40 53:22.821","","0","77 44:37.381","0","0","0","0","14221","0","0","0","N","0","0","0","1","14221","0","","2.0","","1","N","N","N","0","","0","0","1","","0","","","1","0","0","0","0","0","0","1","0","1","03","03","","N","","","","","","","","","",""
"2024034632","1419","0","0","0","0","0","0","0","0","0","1","0","","14","4","2024","5","40.755114","-78.09962","1404","2","0","0","0","0","0","2","0","0","","0","0","0","","","0","N","0","","40 45:18.412","1","0","78 05:58.631","0","0","0","0","14222","0","0","0","N","0","0","0","4","68G07","0","","1.0","1500.0","2","N","N","Y","0","","0","0","3","","0","Y","","3","0","0","0","0","0","0","1","0","3","06","","","N","","","","","","","","","",""
"2024013153","1343","0","0","0","0","0","0","0","0","0","4","0","","14","2","2024","2","40.782111","-77.808808","1337","2","0","0","0","0","0","0","0","1","","0","0","0","","","0","N","0","","40 46:55.598","","7","77 48:31.710","0","0","0","0","14210","0","0","0","N","0","0","0","2","14410","0","","1.0","","1","N","N","N","0","","0","0","2","","0","","","2","0","0","0","0","0","0","2","0","2","03","","","N","","","","","","","","","",""
"2024032938","0806","0","0","0","0","0","0","0","0","0","98","0","","14","4","2024","1","40.975238","-77.791565","0755","2","0","0","0","0","0","0","0","0","","0","0","0","","","0","N","0","","40 58:30.858","","0","77 47:29.635","0","0","0","0","14202","0","0","0","N","0","0","0","1","68G07","0","","1.0","","1","N","N","N","0","","0","0","1","","0","","","1","0","0","0","0","0","0","1","0","1","03","","","N","","","","","","","","","",""
"2024027583","1635","1","0","0","0","0","0","0","0","0","4","0","","14","3","2024","5","40.792346","-77.855285","1633","2","0","0","0","0","1","0","0","0","","0","0","0","","","0","N","1","","40 47:32.445","","0","77 51:19.026","0","0","0","0","14410","0","0","0","N","0","0","0","2","14410","0","","1.0","","1","N","N","N","0","","0","0","1","","3","","","2","0","0","0","0","0","0","2","0","2","03","","","N","","","","","","","","","",""
"2024030519","0530","0","0","0","0","0","0","0","0","0","7","1","","14","2","2024","4","40.835429","-78.22369","0501","2","0","0","0","0","0","0","0","0","","0","1","0","","","0","N","0","","40 50:07.546","","0","78 13:25.283","0","0","0","0","14219","0","0","0","N","0","0","0","1","68G07","0","","4.0","","9","N","N","N","0","","0","0","0","","0","","","1","0","0","0","0","0","0","1","0","1","07","07","","N","","","","","","","","","",""
"2024027478","1634","0","0","0","0","0","0","0","0","0","1","0","","14","3","2024","2","41.064727","-77.603513","1618","2","1","0","0","0","0","0","1","0","","0","1","0","","","0","N","0","","41 03:53.017","","0","77 36:12.647","0","0","0","0","14213","0","0","0","N","0","0","0","4","68G07","0","","1.0","","1","N","N","N","1","","0","0","1","","0","","","3","0","0","0","0","0","0","1","0","3","03","","","N","","","","","","","","","",""
"2024013978","1501","0","0","0","0","0","0","0","0","0","5","0","","14","2","2024","5","40.915018","-77.780845","1458","2","0","0","0","0","0","0","0","0","","0","0","0","","","0","N","0","","40 54:54.066","5","0","77 46:51.041","0","0","0","0","14401","0","0","0","N","0","0","0","1","14401","0","","1.0","1525.0","1","N","N","N","0","","0","0","2","","0","Y","","2","0","0","0","0","0","0","2","0","2","03","03","","N","","","","","","","","","",""
"2024023604","1220","0","0","0","0","0","0","0","0","0","4","1","","14","3","2024","1","40.953672","-77.775256","1209","2","0","0","0","0","0","1","0","1","","0","1","0","","","1","","2","","40 57:13.218","2","2","77 46:30.921","3","0","0","0","14202","0","0","0","N","0","0","0","2","68G07","0","","1.0","100.0","9","N","N","N","0","","1","0","0","","0","N","","2","1","0","0","0","0","0","1","1","2","04","","","N","","","","","","","","","",""
"2024031095","1429","0","0","0","0","0","0","0","0","0","1","0","","14","4","2024","5","40.752738","-78.101518","1422","2","0","0","0","0","0","0","1","0","","0","0","0","","","1","N","0","","40 45:09.856","1","0","78 06:05.464","3","0","0","0","14222","0","0","0","N","0","0","0","3","68G07","0","","1.0","1556.0","2","N","N","N","0","","1","0","2","","0","N","","2","1","0","0","0","0","0","1","0","2","06","09","","N","","","","","","","","","",""
"2024018457","1418","1","0","0","0","0","0","0","0","0","4","0","","14","2","2024","7","40.788472","-77.848763","1416","2","0","0","0","1","0","0","0","0","","0","0","0","","","0","","1","","40 47:18.498","5","0","77 50:55.547","0","0","0","0","14410","0","0","0","N","0","0","0","3","14410","0","","1.0","1445.0","1","N","N","N","1","","0","0","1","","3","Y","","3","0","0","0","0","0","0","2","0","3","03","03","","N","","","","","","","","","",""
"2024029363","1450","1","0","0","0","0","0","0","0","0","1","0","","14","4","2024","5","40.808868","-77.862907","1443","2","0","0","0","0","1","1","0","0","","0","0","0","","","0","Y","0","","40 48:31.925","3","0","77 51:46.465","0","0","0","0","14410","0","0","0","N","0","0","0","4","14410","0","","1.0","1520.0","9","N","N","N","0","","0","0","2","","0","N","","4","0","0","0","0","0","0","2","1","4","07","04","","N","","","","","","","","","",""
"2024031094","1543","1","0","0","0","0","0","0","0","0","7","0","","14","4","2024","5","40.827548","-77.842097","1543","2","0","0","0","0","0","0","0","0","","0","0","0","","","0","N","0","","40 49:39.172","2","0","77 50:31.550","0","0","0","0","14204","0","0","0","N","0","0","0","1","68G07","0","","4.0","1618.0","2","N","N","N","0","","0","0","0","","0","N","","1","0","0","0","0","0","0","1","0","1","09","","","N","","","","","","","","","",""
"2024017039","1918","2","0","0","0","0","0","0","0","0","1","0","","14","2","2024","2","40.79974","-77.87679","1911","2","0","0","0","0","0","0","0","0","","0","0","0","","","2","N","0","","40 47:59.065","","0","77 52:36.445","3","0","0","0","14410","0","0","0","N","0","0","0","4","14410","1","","1.0","","1","N","N","Y","0","","1","0","1","","0","","","3","2","0","0","0","0","0","2","0","3","03","","","N","","","","","","","","","",""
"2024018792","0637","0","0","0","0","0","0","0","0","0","98","0","","14","2","2024","3","40.824099","-77.951491","0618","2","0","0","0","0","0","0","0","0","","0","0","0","","","0","N","0","","40 49:26.755","","0","77 57:05.366","0","0","0","0","14216","0","0","0","N","0","0","0","1","68G07","0","","1.0","","1","N","N","N","0","","0","0","1","","0","","","1","0","0","0","0","0","0","2","0","1","03","","","N","","","","","","","","","",""
"2024012880","1525","0","0","0","0","0","0","0","0","0","7","0","","14","2","2024","2","40.806806","-77.844222","1520","2","0","0","0","0","0","0","0","0","","0","0","0","","","1","N","0","","40 48:24.500","","0","77 50:39.200","4","0","0","0","14204","0","0","0","N","0","0","0","1","14501","1","","5.0","","1","N","N","N","0","","0","0","1","","0","","","1","1","0","0","0","0","0","1","0","1","03","03","","N","","","","","","","","","",""
"2024020488","1549","0","0","0","0","0","0","0","0","0","0","0","","14","3","2024","1","40.72018","-77.889661","1543","2","0","0","0","0","0","0","0","0","","0","0","0","","","1","N","0","","40 43:12.648","","0","77 53:22.779","3","0","0","1","14206","0","0","0","N","0","0","0","1","14206","0","","1.0","","3","N","N","N","0","","1","0","0","","0","","","1","1","0","0","0","0","0","1","0","1","03","","","N","","","","","","","","","",""
"2024024750","1310","1","0","0","0","0","0","0","0","0","4","0","","14","3","2024","7","40.846148","-77.811757","1305","2","0","0","0","0","0","1","0","0","","0","0","0","","","0","Y","0","","40 50:46.131","","2","77 48:42.325","0","0","0","0","14201","0","0","0","N","0","0","0","4","68G07","0","","1.0","","1","N","N","N","0","","0","0","0","","3","","","2","0","0","0","0","0","0","1","1","2","07","","","N","","","","","","","","","",""
"2024023643","2337","0","0","0","0","0","0","0","0","0","7","0","","14","3","2024","2","40.738889","-78.030333","2322","2","0","0","0","0","0","0","1","0","","0","0","0","","","0","N","0","","40 44:20.000","1","0","78 01:49.200","0","0","0","0","14206","0","0","0","N","0","0","0","1","14206","0","","5.0","1.0","1","N","N","Y","0","","0","0","1","","0","N","","1","0","0","0","0","0","0","1","0","1","03","","","N","","","","","","","","","",""
"2024013335","2050","1","0","0","0","0","0","0","0","0","1","0","","14","2","2024","3","40.744486","-77.874428","2046","2","0","0","0","0","0","1","0","0","","0","0","0","","","0","","2","","40 44:40.151","4","0","77 52:27.939","0","0","0","0","14206","0","0","0","N","0","0","0","2","14206","0","","1.0","2130.0","1","N","N","N","0","","0","0","1","","0","Y","","2","0","0","0","0","0","0","1","0","2","03","03","","N","","","","","","","","","",""
"2024022480","0734","0","0","0","0","0","0","0","0","0","2","0","","14","3","2024","6","40.836071","-77.673692","0728","2","0","0","0","0","0","1","0","0","","0","0","0","","","0","N","0","","40 50:09.857","","7","77 40:25.291","0","0","0","0","14218","0","0","0","N","0","0","0","4","68G07","0","","1.0","","1","N","N","N","0","","0","0","1","","8","","","2","0","0","0","0","0","0","1","1","2","03","","","N","","","","","","","","","",""
"2024018677","0104","0","0","0","0","0","0","0","0","0","7","0","","14","2","2024","1","40.800051","-77.849086","0103","2","0","0","0","0","0","0","0","0","","0","0","0","","","0","N","0","","40 48:00.184","","0","77 50:56.710","0","0","0","0","14410","0","0","0","N","0","0","0","1","14410","0","","2.0","","1","N","N","N","1","","0","0","0","","0","","","1","0","0","0","0","0","0","2","0","1","03","","","N","","","","","","","","","",""
"2024023499","2031","1","0","0","0","0","0","0","0","0","4","0","","14","3","2024","3","40.808084","-77.896007","2031","2","0","0","0","1","0","0","0","0","","0","0","0","","","0","N","0","","40 48:29.103","1","7","77 53:45.625","0","0","0","0","14216","0","0","0","N","0","0","0","4","14216","0","","1.0","2118.0","1","N","N","N","0","","0","0","1","","8","N","","2","0","0","0","0","0","0","2","0","2","03","","","N","","","","","","","","","",""
"2024034655","1619","0","0","0","0","0","0","0","0","0","1","2","","14","4","2024","3","41.005164","-77.599598","1604","2","0","0","0","0","0","0","0","0","","0","2","0","","","0","N","0","","41 00:18.589","","0","77 35:58.553","0","0","0","0","14214","0","0","0","N","0","0","0","3","68G07","0","","1.0","","1","N","N","N","0","","0","0","0","","0","","","2","0","0","0","0","0","0","1","0","2","03","","","N","","","","","","","","","",""
"2024024276","2205","0","0","0","0","0","0","0","0","0","7","0","","14","3","2024","1","40.765314","-77.884683","2200","2","0","0","0","0","0","0","0","0","","0","0","0","","","0","","2","","40 45:55.132","","0","77 53:04.857","0","0","0","0","14206","0","0","0","N","0","0","0","1","14206","0","","4.0","","1","N","N","N","1","","0","0","0","","3","","","1","0","0","0","0","0","0","2","0","1","03","03","","N","","","","","","","","","",""
"2024027292","1729","2","0","0","0","0","0","0","0","0","1","0","","14","3","2024","3","40.795643","-77.870561","1729","2","0","0","0","0","1","0","0","0","","0","0","0","","","1","","2","","40 47:44.314","1","0","77 52:14.019","3","0","0","0","14410","0","0","0","N","0","0","0","4","14410","0","","1.0","1800.0","1","N","N","N","0","","1","0","1","","0","N","","3","1","0","0","0","0","0","2","0","3","03","03","","N","","","","","","","","","",""
"2024022586","2152","1","0","0","0","0","0","0","0","0","7","0","","14","3","2024","4","40.921453","-77.748669","2145","2","0","0","1","0","0","0","0","0","","0","0","0","","","0","","2","","40 55:17.230","","0","77 44:55.208","0","0","0","0","14401","0","0","0","N","0","0","0","1","14401","0","","5.0","","9","N","N","N","0","","0","0","0","","3","","","1","0","0","0","0","0","0","2","0","1","07","","","N","","","","","","","","","",""
"2024035552","1538","0","0","0","0","0","0","0","0","0","1","1","55","14","3","2024","1","40.968042","-77.641993","1527","2","0","0","0","0","0","1","0","0","","0","1","0","","","0","N","0","","40 58:04.950","","0","77 38:31.175","0","0","0","0","14214","0","0","0","N","0","0","0","3","68G07","0","","1.0","","1","N","N","N","0","","0","0","1","","0","","","2","0","0","0","0","0","0","1","0","2","03","","N","Y","2","1","","","N","Y","","","","N"
"2024035341","1439","1","0","0","0","0","0","0","0","0","7","0","","14","3","2024","1","40.880574","-78.011039","1416","2","0","0","0","0","0","0","0","0","","0","0","0","","","0","N","0","","40 52:50.065","","0","78 00:39.739","0","0","0","0","14212","0","0","0","Y","0","0","0","1","68G07","0","","2.0","","1","N","N","N","0","","0","0","0","","0","","","1","0","0","0","0","0","0","1","0","1","03","01","","N","","","","","","","","","",""
"2024021803","1607","0","0","0","0","0","0","0","0","0","7","0","","14","3","2024","5","40.768499","-77.859009","1602","2","0","0","0","1","0","0","0","0","","0","0","0","","","0","N","0","","40 46:06.596","4","0","77 51:32.431","0","0","0","0","14206","0","0","0","N","0","0","0","1","14206","0","","5.0","1803.0","1","N","N","N","0","","0","0","1","","0","Y","","1","0","0","0","0","0","0","1","0","1","03","","","N","","","","","","","","","",""