"CRN","ARRIVAL_TM","AUTOMOBILE_COUNT","BELTED_DEATH_COUNT","BELTED_SUSP_SERIOUS_INJ_COUNT","BICYCLE_COUNT","BICYCLE_DEATH_COUNT","BICYCLE_SUSP_SERIOUS_INJ_COUNT","BUS_COUNT","CHLDPAS_DEATH_COUNT","CHLDPAS_SUSP_SERIOUS_INJ_COUNT","COLLISION_TYPE","COMM_VEH_COUNT","CONS_ZONE_SPD_LIM","COUNTY","CRASH_MONTH","CRASH_YEAR","DAY_OF_WEEK","DEC_LATITUDE","DEC_LONGITUDE","DISPATCH_TM","DISTRICT","DRIVER_COUNT_16YR","DRIVER_COUNT_17YR","DRIVER_COUNT_18YR","DRIVER_COUNT_19YR","DRIVER_COUNT_20YR","DRIVER_COUNT_50_64YR","DRIVER_COUNT_65_74YR","DRIVER_COUNT_75PLUS","EST_HRS_CLOSED","FATAL_COUNT","HEAVY_TRUCK_COUNT","HORSE_BUGGY_COUNT","HOUR_OF_DAY","ILLUMINATION","INJURY_COUNT","INTERSECTION_RELATED","INTERSECT_TYPE","LANE_CLOSED","LATITUDE","LN_CLOSE_DIR","LOCATION_TYPE","LONGITUDE","MAX_SEVERITY_LEVEL","MCYCLE_DEATH_COUNT","MCYCLE_SUSP_SERIOUS_INJ_COUNT","MOTORCYCLE_COUNT","MUNICIPALITY","NONMOTR_COUNT","NONMOTR_DEATH_COUNT","NONMOTR_SUSP_SERIOUS_INJ_COUNT","NTFY_HIWY_MAINT","PED_COUNT","PED_DEATH_COUNT","PED_SUSP_SERIOUS_INJ_COUNT","PERSON_COUNT","POLICE_AGCY","POSSIBLE_INJ_COUNT","RDWY_SURF_TYPE_CD","RELATION_TO_ROAD","ROADWAY_CLEARED","ROAD_CONDITION","SCH_BUS_IND","SCH_ZONE_IND","SECONDARY_CRASH","SMALL_TRUCK_COUNT","SPEC_JURIS_CD","SUSP_MINOR_INJ_COUNT","SUSP_SERIOUS_INJ_COUNT","SUV_COUNT","TCD_FUNC_CD","TCD_TYPE","TFC_DETOUR_IND","TIME_OF_DAY","TOTAL_UNITS","TOT_INJ_COUNT","UNBELTED_OCC_COUNT","UNB_DEATH_COUNT","UNB_SUSP_SERIOUS_INJ_COUNT","UNK_INJ_DEG_COUNT","UNK_INJ_PER_COUNT","URBAN_RURAL","VAN_COUNT","VEHICLE_COUNT","WEATHER1","WEATHER2","WORKERS_PRES","WORK_ZONE_IND","WORK_ZONE_LOC","WORK_ZONE_TYPE","WZ_CLOSE_DETOUR","WZ_FLAGGER","WZ_LAW_OFFCR_IND","WZ_LN_CLOSURE","WZ_MOVING","WZ_OTHER","WZ_SHLDER_MDN","WZ_WORKERS_INJ_KILLED"
"2024012992","1900","2","0","0","0","0","0","0","0","0","4","0","","14","2","2024","1","40.810068","-77.890705","1857","2","0","0","0","0","1","0","0","0","","0","0","0","","","1","N","1","","40 48:36.244","6","0","77 53:26.539","3","0","0","0","14216","0","0","0","N","0","0","0","2","14216","0","","1.0","1940.0","1","N","N","N","0","","1","0","0","","3","N","","2","1","0","0","0","0","0","2","0","2","03","03","","N","","","","","","","","","",""
"2024020278","1057","0","0","0","0","0","0","0","0","0","1","0","","14","3","2024","7","40.807289","-77.891259","1049","2","0","0","0","0","0","0","0","0","","0","0","0","","","1","","1","","40 48:26.242","2","0","77 53:28.533","3","0","0","0","14206","0","0","0","N","0","0","0","3","14206","0","","1.0","1140.0","9","N","N","N","1","","1","0","1","","2","N","","2","1","0","0","0","0","0","2","0","2","07","04","","N","","","","","","","","","",""
"2024025691","0101","1","0","0","0","0","0","0","0","0","7","0","","14","2","2024","5","40.882916","-77.786029","0057","2","0","0","0","0","1","0","0","0","","0","0","0","","","0","","2","","40 52:58.498","","0","77 47:09.703","0","0","0","0","14201","0","0","0","Y","0","0","0","1","68G07","0","","5.0","","1","N","N","N","0","","0","0","0","","3","","","1","0","0","0","0","0","0","2","0","1","03","","","N","","","","","","","","","",""
"2024027164","1746","0","0","0","0","0","0","0","0","0","7","0","","14","3","2024","6","40.891569","-77.897266","1740","2","0","0","0","0","0","0","0","0","","0","0","0","","","0","N","0","","40 53:29.647","","0","77 53:50.159","0","0","0","0","14223","0","0","0","N","0","0","0","1","68G07","0","","4.0","","1","N","N","N","0","","0","0","1","","0","","","1","0","0","0","0","0","0","1","0","1","03","","","N","","","","","","","","","",""
"2024020349","1943","1","0","0","0","0","0","0","0","0","4","0","","14","3","2024","6","40.874376","-77.778333","1943","2","0","0","0","0","0","0","0","0","","0","0","0","","","0","N","0","","40 52:27.754","1","0","77 46:41.998","0","0","0","0","14201","0","0","0","N","0","0","0","5","68G07","0","","1.0","2031.0","1","N","N","N","0","","0","0","1","","0","N","","2","0","0","0","0","0","0","2","0","2","03","","","N","","","","","","","","","",""
"2024033952","0056","1","0","0","0","0","0","0","0","0","1","0","","14","4","2024","4","40.974224","-77.593694","0017","2","0","0","0","0","0","1","1","0","","0","0","0","","","0","N","0","","40 58:27.206","2","0","77 35:37.298","0","0","0","0","14224","0","0","0","N","0","0","0","2","68G07","0","","1.0","130.0","9","N","N","N","0","","0","0","1","","0","N","","2","0","0","0","0","0","0","1","0","2","07","","","N","","","","","","","","","",""
"2024018857","1438","0","0","0","0","0","0","0","0","0","4","0","","14","2","2024","2","40.79457","-77.850425","1431","2","0","0","0","0","1","0","0","0","","0","0","0","","","0","","1","","40 47:40.451","","0","77 51:01.529","0","0","0","0","14410","0","0","0","N","0","0","0","2","14410","0","","1.0","","1","N","N","N","0","","0","0","2","","3","","","2","0","0","0","0","0","0","2","0","2","03","03","","N","","","","","","","","","",""
"2024019813","1250","1","0","0","0","0","0","0","0","0","7","0","","14","2","2024","5","40.792802","-77.846011","1245","2","0","0","0","0","0","0","0","0","","0","0","0","","","2","N","1","","40 47:34.088","","0","77 50:45.641","3","0","0","0","14410","0","0","0","N","0","0","0","2","14410","0","","5.0","","1","N","N","N","0","","2","0","0","","3","","","1","2","0","0","0","0","0","2","0","1","03","03","","N","","","","","","","","","",""
"2024030786","0145","1","0","0","0","0","0","0","0","0","98","0","","14","4","2024","5","40.895621","-78.22233","0145","2","0","0","0","1","0","0","0","0","","0","0","0","","","0","N","0","","40 53:44.237","","7","78 13:20.388","0","0","0","0","14406","0","0","0","N","0","0","0","2","68G07","0","","4.0","","9","N","N","N","0","","0","0","0","","3","","","1","0","2","0","0","0","0","2","0","1","05","","","N","","","","","","","","","",""
"2024030571","1530","1","0","0","0","0","0","0","0","0","7","0","","14","4","2024","5","40.829308","-77.840466","1521","2","0","0","0","0","0","0","0","0","","0","0","0","","","0","N","0","","40 49:45.509","2","0","77 50:25.679","0","0","0","0","14204","0","0","0","Y","0","0","0","1","68G07","0","","4.0","100.0","9","N","N","N","0","","0","0","0","","0","N","","1","0","0","0","0","0","0","1","0","1","09","","","N","","","","","","","","","",""
"2024033965","0745","2","0","0","0","0","0","0","0","0","1","0","","14","4","2024","4","40.813949","-78.084753","0728","2","0","0","0","1","0","0","0","0","","0","0","0","","","0","N","0","","40 48:50.216","","0","78 05:05.111","0","0","0","0","14225","0","0","0","N","0","0","0","2","68G07","0","","1.0","","9","N","N","N","0","","0","0","0","","0","","","2","0","0","0","0","0","0","1","0","2","07","","","N","","","","","","","","","",""
"2024030382","1426","1","0","0","0","0","0","0","0","0","7","0","","14","4","2024","2","40.988651","-77.639048","1412","2","0","0","1","0","0","0","0","0","","0","0","0","","","0","N","0","","40 59:19.142","","0","77 38:20.573","0","0","0","0","14214","0","0","0","N","0","0","0","2","68G07","0","","4.0","","1","N","N","N","0","","0","0","0","","0","","","1","0","0","0","0","0","0","1","0","1","03","","","N","","","","","","","","","",""
"2024022502","1543","2","0","0","0","0","0","0","0","0","4","0","","14","3","2024","1","40.788456","-77.848735","1541","2","0","0","0","0","0","0","0","0","","0","0","0","","","0","","1","","40 47:18.441","1","0","77 50:55.446","0","0","0","0","14410","0","0","0","N","0","0","0","2","14410","0","","1.0","1600.0","9","N","N","N","0","","0","0","0","","3","N","","2","0","0","0","0","0","0","2","0","2","10","04","","N","","","","","","","","","",""
"2024013374","2200","1","0","0","0","0","0","0","0","0","8","0","","14","2","2024","3","40.789073","-77.853363","2158","2","0","0","0","0","0","0","0","0","","0","0","0","","","1","N","1","","40 47:20.662","","0","77 51:12.106","2","0","0","0","14410","1","0","1","N","1","0","1","2","14410","0","","1.0","","1","N","N","N","0","","0","1","0","","0","","","2","1","0","0","0","0","0","2","0","1","03","03","","N","","","","","","","","","",""
"2024018159","1206","2","0","0","0","0","0","0","0","0","4","0","","14","2","2024","2","40.809058","-77.83368","1200","2","0","0","0","0","0","1","0","0","","0","0","0","","","0","","1","","40 48:32.608","","0","77 50:01.248","0","0","0","0","14204","0","0","0","N","0","0","0","3","14410","0","","1.0","","1","N","N","N","1","","0","0","0","","2","","","3","0","0","0","0","0","0","2","0","3","03","03","","N","","","","","","","","","",""
"2024030774","0001","0","0","0","0","0","0","0","0","0","4","0","","14","4","2024","4","40.744924","-78.109336","0001","2","0","0","0","0","0","0","1","0","","0","0","0","","","0","N","0","","40 44:41.728","1","0","78 06:33.610","0","0","0","0","14222","0","0","0","N","0","0","0","2","68G07","0","","1.0","112.0","9","N","N","Y","0","","0","0","2","","0","N","","2","0","0","0","0","0","0","1","0","2","07","","","N","","","","","","","","","",""
"2024029753","1807","0","0","0","0","0","0","0","0","0","1","3","","14","4","2024","4","41.000606","-77.606426","1742","2","0","0","0","0","0","1","0","0","","0","3","0","","","1","N","0","","41 00:02.180","4","0","77 36:23.135","3","0","0","0","14214","0","0","0","N","0","0","0","3","68G07","0","","1.0","1900.0","9","N","N","N","0","","1","0","0","","0","N","","3","1","0","0","0","0","0","1","0","3","07","07","","N","","","","","","","","","",""
"2024031121","0316","1","0","0","0","0","0","0","0","0","7","0","","14","4","2024","3","40.940636","-77.427514","0239","2","0","0","0","1","0","0","0","0","","0","0","0","","","2","N","0","","40 56:26.290","","0","77 25:39.050","3","0","0","0","14215","0","0","0","N","0","0","0","2","68G07","0","","5.0","","1","N","N","N","0","","2","0","0","","0","","","1","2","0","0","0","0","0","1","0","1","03","03","","N","","","","","","","","","",""
"2024012268","1347","1","0","0","0","0","0","0","0","0","4","0","","14","2","2024","6","40.748578","-77.869717","1345","2","0","0","0","0","0","1","1","0","","0","0","0","","","0","N","2","","40 44:54.879","","0","77 52:10.981","0","0","0","0","14206","0","0","0","N","0","0","0","3","14206","0","","1.0","","1","N","N","N","1","","0","0","0","","2","","","2","0","0","0","0","0","0","1","0","2","03","03","","N","","","","","","","","","",""
"2024016199","0042","0","0","0","0","0","0","0","0","0","7","0","","14","2","2024","7","40.803235","-77.812503","0036","2","0","0","0","0","0","0","0","0","","0","0","0","","","0","N","0","","40 48:11.645","5","0","77 48:45.009","0","0","0","0","14204","0","0","0","N","0","0","0","2","14410","0","","5.0","125.0","7","N","N","N","1","","0","0","0","","0","Y","","1","0","0","0","0","0","0","1","0","1","10","10","","N","","","","","","","","","",""
"2024013600","2258","0","0","0","0","0","0","0","0","0","4","0","","14","2","2024","6","40.843483","-77.681193","2249","2","0","1","0","0","0","1","0","0","","0","0","0","","","2","","1","","40 50:36.538","7","0","77 40:52.296","8","0","0","0","14402","0","0","0","N","0","0","0","4","68G07","0","","1.0","300.0","1","N","N","N","1","","0","0","1","","3","N","","2","2","0","0","0","2","0","1","0","2","03","","","N","","","","","","","","","",""
"2024042402","0852","1","0","0","0","0","0","1","0","0","4","1","","14","5","2024","3","40.812522","-77.82788","0847","2","0","0","0","0","0","2","1","0","","0","0","0","","","2","","1","","40 48:45.079","6","8","77 49:40.368","3","0","0","0","14204","0","0","0","N","0","0","0","6","14410","0","","1.0","951.0","1","Y","N","N","2","","2","0","1","","2","Y","","5","2","0","0","0","0","0","2","0","5","04","","","N","","","","","","","","","",""
"2024028649","1306","2","0","0","0","0","0","0","0","0","4","0","","14","4","2024","3","40.803509","-77.866623","1301","2","0","0","0","0","0","0","0","0","","0","0","0","","","0","","1","","40 48:12.632","1","0","77 51:59.842","0","0","0","0","14410","0","0","0","N","0","0","0","2","14410","0","","1.0","1330.0","9","N","N","N","0","","0","0","0","","2","N","","2","0","0","0","0","0","0","1","0","2","07","","","N","","","","","","","","","",""
"2024018686","1806","0","0","0","0","0","0","0","0","0","4","0","","14","2","2024","7","40.787204","-77.850413","1806","2","0","0","0","0","1","1","0","0","","0","0","0","","","1","","1","","40 47:13.934","","0","77 51:01.486","3","0","0","0","14410","0","0","0","N","0","0","0","3","14410","0","","1.0","","1","N","N","N","0","","1","0","2","","2","","","2","1","0","0","0","0","0","2","0","2","03","","","N","","","","","","","","","",""
"2024034666","1655","1","0","0","0","0","0","0","0","0","7","0","","14","4","2024","5","40.980311","-77.284592","1616","2","0","0","0","0","0","0","0","0","","0","0","0","","","0","N","0","","40 58:49.118","","0","77 17:04.532","0","0","0","0","14215","0","0","0","N","0","0","0","1","68G07","0","","4.0","","1","N","N","N","0","","0","0","0","","0","","","1","0","0","0","0","0","0","1","0","1","03","","","N","","","","","","","","","",""
"2024013369","1814","1","0","0","0","0","0","0","0","0","4","0","","14","2","2024","3","40.785234","-77.837032","1812","2","0","0","0","0","0","1","0","0","","0","0","0","","","0","","1","","40 47:06.844","4","0","77 50:13.316","0","0","0","0","14410","0","0","0","N","0","0","0","3","14410","0","","1.0","1820.0","1","N","N","N","0","","0","0","1","","2","N","","2","0","0","0","0","0","0","2","0","2","03","03","","N","","","","","","","","","",""
"2024037770","1226","1","0","0","0","0","0","0","0","0","7","0","","14","4","2024","3","40.827774","-77.827137","1215","2","0","0","0","0","0","1","0","0","","0","0","0","","","1","N","0","","40 49:39.986","","0","77 49:37.693","3","0","0","0","14204","0","0","0","N","0","0","0","1","14410","0","","5.0","","1","N","N","N","0","","1","0","0","","0","","","1","1","0","0","0","0","0","2","0","1","03","","","N","","","","","","","","","",""
"2024043770","1213","1","0","0","0","0","0","0","0","0","5","1","","14","5","2024","2","41.002128","-77.86194","1157","2","0","0","0","0","0","1","0","0","","0","1","0","","","0","N","0","","41 00:07.662","","0","77 51:42.983","0","0","0","0","14202","0","0","0","N","0","0","0","3","68G07","0","","1.0","","1","N","N","N","0","","0","0","0","","0","","","2","0","0","0","0","0","0","1","0","2","03","03","","N","","","","","","","","","",""
"2024044520","1300","2","0","0","0","0","0","0","0","0","4","0","","14","5","2024","3","40.792471","-77.861562","1255","2","0","0","0","0","0","0","0","0","","0","0","0","","","0","","1","","40 47:32.895","5","0","77 51:41.623","0","0","0","0","14410","0","0","0","N","0","0","0","2","14410","0","","1.0","1310.0","1","N","N","N","0","","0","0","0","","2","N","","2","0","0","0","0","0","0","2","0","2","03","03","","N","","","","","","","","","",""
"2024043935","2059","0","0","0","0","0","0","0","0","0","98","0","","14","5","2024","7","40.987933","-77.815898","2046","2","0","0","0","0","0","1","0","0","","0","0","0","","","0","N","0","","40 59:16.557","","0","77 48:57.232","0","0","0","0","14202","0","0","0","N","0","0","0","3","68G07","0","","1.0","","1","N","N","N","0","","0","0","1","","0","","","1","0","0","0","0","0","0","1","0","1","03","","","N","","","","","","","","","",""
"2024043778","0105","1","0","0","0","0","0","0","0","0","7","0","","14","5","2024","7","40.843798","-77.820304","0051","2","0","0","0","1","0","0","0","0","","0","0","0","","","0","N","0","","40 50:37.672","2","0","77 49:13.093","0","0","0","0","14201","0","0","0","Y","0","0","0","1","68G07","0","","5.0","200.0","8","N","N","N","0","","0","0","0","","0","N","","1","0","0","0","0","0","0","1","0","1","07","","","N","","","","","","","","","",""
"2024043790","1404","1","0","0","0","0","0","0","0","0","7","0","","14","5","2024","4","41.019115","-77.894324","1343","2","0","0","0","0","0","0","0","0","","0","0","0","","","1","N","0","","41 01:08.814","","0","77 53:39.565","3","0","0","0","14220","0","0","0","N","0","0","0","1","68G07","0","","4.0","","1","N","N","N","0","","1","0","0","","0","","","1","1","0","0","0","0","0","1","0","1","03","03","","N","","","","","","","","","",""
"2024043929","1956","0","0","0","0","0","0","0","0","0","7","0","","14","5","2024","6","40.898933","-78.215561","1953","2","1","0","0","0","0","0","0","0","","0","0","0","","","1","N","0","","40 53:56.157","3","0","78 12:56.021","3","0","0","0","14406","0","0","0","N","0","0","0","2","68G07","0","","4.0","2030.0","9","N","N","N","0","","1","0","1","","0","N","","1","1","0","0","0","0","0","2","0","1","03","","","N","","","","","","","","","",""
"2024037693","1042","1","0","0","0","0","0","0","0","0","1","0","","14","4","2024","3","40.797461","-77.844689","1042","2","0","0","0","0","0","0","0","0","","0","0","0","","","0","N","0","","40 47:50.858","","0","77 50:40.881","0","0","0","0","14410","0","0","0","N","0","0","0","2","14410","0","","1.0","","1","N","N","N","0","","0","0","1","","0","","","2","0","0","0","0","0","0","2","0","2","03","","","N","","","","","","","","","",""
"2024047112","0145","0","0","0","0","0","0","0","0","0","7","0","","14","5","2024","2","41.009918","-77.876583","0118","2","0","0","0","0","0","0","0","0","","0","0","0","","","0","N","0","","41 00:35.705","","0","77 52:35.697","0","0","0","0","14202","0","0","0","N","0","0","0","1","68G07","0","","5.0","","9","N","N","N","1","","0","0","0","","0","","","1","0","0","0","0","0","0","1","0","1","07","","","N","","","","","","","","","",""
"2024048154","1429","0","0","0","0","0","0","0","0","0","7","0","","14","5","2024","5","40.864673","-77.552454","1407","2","0","0","0","0","0","0","1","0","","0","0","0","","","0","N","0","","40 51:52.822","4","0","77 33:08.836","0","0","0","0","14207","0","0","0","Y","0","0","0","1","68G07","0","","4.0","1506.0","1","N","N","N","1","","0","0","0","","0","N","","1","0","0","0","0","0","0","1","0","1","03","03","","N","","","","","","","","","",""
"2024051731","1529","0","0","0","0","0","0","0","0","0","0","0","","14","6","2024","3","40.745717","-78.128845","1515","2","0","0","0","0","0","1","0","0","","0","0","0","","","2","N","0","","40 44:44.580","","0","78 07:43.841","4","0","0","0","14222","0","0","0","N","0","0","0","2","68G07","2","","4.0","","1","N","N","N","0","","0","0","1","","0","","","1","2","1","0","0","0","0","1","0","1","03","","","N","","","","","","","","","",""
"2024047366","1130","0","0","0","0","0","0","0","0","0","4","0","","14","5","2024","5","40.785226","-77.834376","1124","2","0","0","0","0","0","1","1","0","","0","0","0","","","0","N","1","","40 47:06.814","","0","77 50:03.753","0","0","0","0","14410","0","0","0","N","0","0","0","2","14410","0","","1.0","","1","N","N","N","0","","0","0","2","","2","","","2","0","0","0","0","0","0","2","0","2","03","03","","N","","","","","","","","","",""
"2024046670","0840","0","0","0","0","0","0","0","0","0","98","0","","14","5","2024","6","41.013533","-77.587269","0836","2","0","0","0","0","0","1","0","0","","0","0","0","","","0","N","0","","41 00:48.719","3","0","77 35:14.169","0","0","0","0","14214","0","0","0","N","0","0","0","3","68G07","0","","1.0","930.0","1","N","N","N","0","","0","0","1","","0","Y","","1","0","0","0","0","0","0","1","0","1","03","","","N","","","","","","","","","",""
"2024048449","0905","0","0","0","0","0","0","0","0","0","4","1","","14","6","2024","2","40.798533","-77.875316","0859","2","0","0","0","1","0","1","0","0","","0","1","0","","","0","","1","","40 47:54.718","2","0","77 52:31.139","0","0","0","0","14410","0","0","0","N","0","0","0","3","14410","0","","1.0","928.0","1","N","N","N","0","","0","0","0","","2","N","","2","0","0","0","0","0","0","2","1","2","03","03","","N","","","","","","","","","",""
"2024050132","0844","0","0","0","0","0","0","0","0","0","7","0","","14","5","2024","2","40.76056","-78.063767","0812","2","0","1","0","0","0","0","0","0","","0","0","0","","","1","N","0","","40 45:38.017","1","0","78 03:49.561","3","0","0","0","14209","0","0","0","N","0","0","0","1","68G07","0","","4.0","910.0","1","N","N","N","0","","1","0","1","","0","N","","1","1","0","0","0","0","0","1","0","1","05","","","N","","","","","","","","","",""
"2024048522","1444","1","0","0","0","0","0","0","0","0","4","0","","14","6","2024","2","40.811657","-77.829006","1441","2","0","0","0","0","0","1","0","0","","0","0","0","","","0","N","7","","40 48:41.966","6","2","77 49:44.423","0","0","0","0","14204","0","0","0","N","0","0","0","2","14410","0","","1.0","1516.0","1","N","N","N","0","","0","0","0","","2","N","","2","0","0","0","0","0","0","1","1","2","03","03","","N","","","","","","","","","",""
"2024015046","1055","1","0","0","0","0","0","0","0","0","4","0","","14","2","2024","3","40.787861","-77.849722","1053","2","0","0","0","0","0","1","0","0","","0","0","0","","","0","","1","","40 47:16.300","4","0","77 50:59.000","0","0","0","0","14410","0","0","0","N","0","0","0","2","14410","0","","1.0","1200.0","9","N","N","N","0","","0","0","0","","3","N","","2","0","0","0","0","0","0","2","1","2","03","03","","N","","","","","","","","","",""
"2024050171","1106","0","0","0","0","0","0","0","0","0","7","0","","14","6","2024","5","40.770147","-78.039433","1052","2","0","0","0","0","0","0","1","0","","0","0","0","","","0","N","0","","40 46:12.530","3","0","78 02:21.960","0","0","0","0","14209","0","0","0","N","0","0","0","1","68G07","0","","4.0","1130.0","1","N","N","N","0","","0","0","1","","0","N","","1","0","0","0","0","0","0","1","0","1","03","","","N","","","","","","","","","",""
"2024048669","1949","1","0","0","0","0","0","0","0","0","7","0","","14","6","2024","7","40.905577","-77.479403","1928","2","0","0","0","0","0","0","0","0","","0","0","0","","","1","N","0","","40 54:20.078","5","0","77 28:45.850","3","0","0","0","14217","0","0","0","Y","0","0","0","1","68G07","0","","4.0","2030.0","1","N","N","N","0","","1","0","0","","0","Y","","1","1","0","0","0","0","0","1","0","1","03","","","N","","","","","","","","","",""
"2024048632","1434","2","1","0","0","0","0","0","0","0","2","0","","14","5","2024","4","40.883698","-78.181904","1433","2","0","0","0","0","0","1","0","0","","2","0","0","","","1","N","0","","40 53:01.313","6","0","78 10:54.854","1","0","0","0","14219","0","0","0","N","0","0","0","3","68G07","0","2","1.0","1754.0","1","N","N","N","0","0","1","0","1","","0","Y","","3","1","1","1","0","0","0","1","0","3","03","03","","N","","","","","","","","","",""
"2024038588","1534","0","0","0","0","0","0","0","0","0","7","0","","14","5","2024","5","40.793892","-77.864884","1525","2","0","0","0","0","0","1","0","0","","0","0","0","","","0","N","0","","40 47:38.012","","0","77 51:53.583","0","0","0","0","14410","0","0","0","N","0","0","0","1","14501","0","","3.0","","1","N","N","N","0","","0","0","0","","0","","","1","0","0","0","0","0","0","2","1","1","03","03","","N","","","","","","","","","",""
"2024040498","0807","0","0","0","0","0","0","0","0","0","4","0","","14","5","2024","4","40.808171","-77.835908","0805","2","0","1","0","0","0","0","0","0","","0","0","0","","","0","","2","","40 48:29.417","","0","77 50:09.268","0","0","0","0","14204","0","0","0","N","0","0","0","2","14410","0","","1.0","","1","N","N","Y","0","","0","0","2","","3","","","2","0","0","0","0","0","0","2","0","2","03","","","N","","","","","","","","","",""
"2024022993","1838","1","0","0","0","0","0","0","0","0","4","0","","14","3","2024","2","40.833861","-77.800583","1831","2","0","1","0","0","0","0","0","0","","0","0","0","","","1","","2","","40 50:01.900","","7","77 48:02.100","4","0","0","0","14204","0","0","0","N","0","0","0","3","14410","1","","1.0","","1","N","N","N","0","","0","0","1","","3","","","2","1","0","0","0","0","0","2","0","2","03","03","","N","","","","","","","","","",""
"2024049099","1637","0","0","0","0","0","0","0","0","0","1","0","","14","6","2024","2","40.828028","-78.01354","1625","2","0","0","0","0","0","2","0","0","","0","0","0","","","0","N","0","","40 49:40.902","4","0","78 00:48.743","0","0","0","0","14225","0","0","0","Y","0","0","0","2","68G07","0","","1.0","1730.0","1","N","N","N","0","","0","0","2","","0","N","","2","0","0","0","0","0","0","1","0","2","03","03","","N","","","","","","","","","",""
"2024052201","2123","1","0","0","0","0","0","0","0","0","4","0","","14","6","2024","3","41.022114","-77.669799","2123","2","0","0","0","0","0","1","0","0","","0","0","0","","","2","","1","","41 01:19.610","1","0","77 40:11.278","3","0","0","0","14211","0","0","0","Y","0","0","0","3","68G07","1","","1.0","2215.0","1","N","N","N","0","","1","0","1","","3","N","","2","2","0","0","0","0","0","1","0","2","03","03","","N","","","","","","","","","",""
"2024029303","1232","1","0","0","0","0","0","0","0","0","8","0","","14","3","2024","7","40.91279","-77.780002","1228","2","0","0","0","0","0","0","0","0","","0","0","0","","","1","N","0","","40 54:46.044","1","0","77 46:48.008","3","0","0","0","14401","1","0","0","N","1","0","0","2","14401","0","","1.0","1300.0","1","N","N","N","0","","1","0","1","","0","Y","","3","1","0","0","0","0","0","2","0","2","04","04","","N","","","","","","","","","",""
"2024028988","0812","0","0","0","0","0","0","0","0","0","5","0","","14","4","2024","4","40.829236","-77.842693","0759","2","0","0","0","0","0","0","1","0","","0","0","0","","","0","","6","","40 49:45.248","4","2","77 50:33.693","0","0","0","0","14204","0","0","0","N","0","0","0","2","14410","0","","1.0","845.0","9","N","N","N","0","","0","0","1","","3","N","","2","0","0","0","0","0","0","1","1","2","07","04","","N","","","","","","","","","",""
"2024049822","1356","0","0","2","0","0","0","0","0","0","2","0","","14","5","2024","7","40.788357","-77.621132","1352","2","0","0","0","0","0","1","0","0","","0","0","0","","","3","N","0","","40 47:18.084","5","0","77 37:16.074","2","0","0","0","14218","0","0","0","N","0","0","0","4","68G07","0","","1.0","1600.0","1","N","N","N","0","","0","3","2","","0","Y","","2","3","1","0","1","0","0","1","0","2","03","","","N","","","","","","","","","",""
"2024048646","1749","1","0","0","0","0","0","0","0","0","2","0","","14","5","2024","5","40.851025","-77.822511","1736","2","0","0","0","0","0","0","0","0","","0","0","0","","","0","N","0","","40 51:03.690","2","0","77 49:21.040","0","0","0","0","14201","0","0","0","N","0","0","0","2","68G07","0","","1.0","1900.0","1","N","N","N","0","","0","0","0","","0","N","","2","0","0","0","0","0","0","1","1","2","03","","","N","","","","","","","","","",""
"2024033411","1559","0","0","0","0","0","0","0","0","0","1","0","","14","3","2024","4","40.878118","-78.177268","1535","2","0","0","0","0","0","2","1","0","","0","0","0","","","1","N","0","","40 52:41.223","6","0","78 10:38.163","3","0","0","0","14219","0","0","0","N","0","0","0","4","68G07","0","","1.0","1700.0","1","N","N","N","1","","1","0","3","","0","N","","4","1","0","0","0","0","0","1","0","4","03","","","N","","","","","","","","","",""
"2024028341","1236","0","0","0","0","0","0","0","0","0","5","0","","14","3","2024","2","40.804572","-77.853284","1234","2","0","0","0","0","0","0","0","0","","0","0","0","","","0","N","0","","40 48:16.458","","0","77 51:11.823","0","0","0","0","14410","0","0","0","N","0","0","0","3","14501","0","","1.0","","1","N","N","N","0","","0","0","1","","0","N","","2","0","0","0","0","0","0","2","0","2","03","03","","N","","","","","","","","","",""
"2024049847","1126","1","0","0","0","0","0","0","0","0","7","0","","14","6","2024","3","40.794078","-77.644367","1106","2","0","0","0","0","0","0","0","0","","0","0","0","","","1","N","0","","40 47:38.680","","0","77 38:39.720","3","0","0","0","14218","0","0","0","N","0","0","0","1","68G07","0","","4.0","","1","N","N","N","0","","1","0","0","","0","","","1","1","0","0","0","0","0","1","0","1","03","03","","N","","","","","","","","","",""
"2024002142","1650","1","0","0","0","0","0","0","0","0","6","0","","14","1","2024","7","40.823167","-77.883889","1639","2","0","0","0","0","0","0","0","0","","0","0","0","","","0","N","0","","40 49:23.400","","7","77 53:02.000","0","0","0","0","14216","0","0","0","N","0","0","0","2","14216","0","","1.0","","7","N","N","N","0","","0","0","1","","0","","","2","0","0","0","0","0","0","2","0","2","02","04","","N","","","","","","","","","",""