"CRN","ARRIVAL_TM","AUTOMOBILE_COUNT","BELTED_DEATH_COUNT","BELTED_SUSP_SERIOUS_INJ_COUNT","BICYCLE_COUNT","BICYCLE_DEATH_COUNT","BICYCLE_SUSP_SERIOUS_INJ_COUNT","BUS_COUNT","CHLDPAS_DEATH_COUNT","CHLDPAS_SUSP_SERIOUS_INJ_COUNT","COLLISION_TYPE","COMM_VEH_COUNT","CONS_ZONE_SPD_LIM","COUNTY","CRASH_MONTH","CRASH_YEAR","DAY_OF_WEEK","DEC_LATITUDE","DEC_LONGITUDE","DISPATCH_TM","DISTRICT","DRIVER_COUNT_16YR","DRIVER_COUNT_17YR","DRIVER_COUNT_18YR","DRIVER_COUNT_19YR","DRIVER_COUNT_20YR","DRIVER_COUNT_50_64YR","DRIVER_COUNT_65_74YR","DRIVER_COUNT_75PLUS","EST_HRS_CLOSED","FATAL_COUNT","HEAVY_TRUCK_COUNT","HORSE_BUGGY_COUNT","HOUR_OF_DAY","ILLUMINATION","INJURY_COUNT","INTERSECTION_RELATED","INTERSECT_TYPE","LANE_CLOSED","LATITUDE","LN_CLOSE_DIR","LOCATION_TYPE","LONGITUDE","MAX_SEVERITY_LEVEL","MCYCLE_DEATH_COUNT","MCYCLE_SUSP_SERIOUS_INJ_COUNT","MOTORCYCLE_COUNT","MUNICIPALITY","NONMOTR_COUNT","NONMOTR_DEATH_COUNT","NONMOTR_SUSP_SERIOUS_INJ_COUNT","NTFY_HIWY_MAINT","PED_COUNT","PED_DEATH_COUNT","PED_SUSP_SERIOUS_INJ_COUNT","PERSON_COUNT","POLICE_AGCY","POSSIBLE_INJ_COUNT","RDWY_SURF_TYPE_CD","RELATION_TO_ROAD","ROADWAY_CLEARED","ROAD_CONDITION","SCH_BUS_IND","SCH_ZONE_IND","SECONDARY_CRASH","SMALL_TRUCK_COUNT","SPEC_JURIS_CD","SUSP_MINOR_INJ_COUNT","SUSP_SERIOUS_INJ_COUNT","SUV_COUNT","TCD_FUNC_CD","TCD_TYPE","TFC_DETOUR_IND","TIME_OF_DAY","TOTAL_UNITS","TOT_INJ_COUNT","UNBELTED_OCC_COUNT","UNB_DEATH_COUNT","UNB_SUSP_SERIOUS_INJ_COUNT","UNK_INJ_DEG_COUNT","UNK_INJ_PER_COUNT","URBAN_RURAL","VAN_COUNT","VEHICLE_COUNT","WEATHER1","WEATHER2","WORKERS_PRES","WORK_ZONE_IND","WORK_ZONE_LOC","WORK_ZONE_TYPE","WZ_CLOSE_DETOUR","WZ_FLAGGER","WZ_LAW_OFFCR_IND","WZ_LN_CLOSURE","WZ_MOVING","WZ_OTHER","WZ_SHLDER_MDN","WZ_WORKERS_INJ_KILLED"
"2024025482","0020","0","0","0","0","0","0","0","0","0","4","0","","14","3","2024","5","40.791168","-77.856289","0017","2","0","0","0","1","0","0","0","0","","0","0","0","","","2","","1","","40 47:28.203","","0","77 51:22.640","4","0","0","0","14410","0","0","0","N","0","0","0","2","14410","2","","1.0","","1","N","N","N","1","","0","0","1","","3","","","2","2","0","0","0","0","0","2","0","2","03","03","","N","","","","","","","","","",""
"2024023641","2026","0","0","0","0","0","0","0","0","0","4","0","","14","3","2024","4","40.779479","-77.880339","2021","2","0","0","0","0","0","0","0","0","","0","0","0","","","0","","1","","40 46:46.125","2","0","77 52:49.222","0","0","0","0","14206","0","0","0","N","0","0","0","3","14206","0","","1.0","2105.0","1","N","N","N","1","","0","0","1","","2","Y","","2","0","0","0","0","0","0","2","0","2","03","03","","N","","","","","","","","","",""
"2024028017","1836","1","0","0","0","0","0","0","0","0","8","0","","14","3","2024","6","40.798553","-77.857924","1829","2","0","0","0","0","0","0","0","0","","0","0","0","","","1","","2","","40 47:54.790","3","0","77 51:28.526","3","0","0","0","14410","1","0","0","N","1","0","0","3","14501","0","","1.0","1515.0","1","N","N","N","0","","1","0","0","","0","N","","2","1","0","0","0","0","0","2","0","1","03","03","","N","","","","","","","","","",""
"2024035277","1248","1","0","0","0","0","0","0","0","0","7","0","","14","3","2024","5","40.884306","-77.765667","1244","2","0","0","0","0","0","0","0","0","","0","0","0","","","1","N","0","","40 53:03.500","","0","77 45:56.400","4","0","0","0","14221","0","0","0","N","0","0","0","1","14221","1","","4.0","","1","N","N","N","0","","0","0","0","","0","","","1","1","0","0","0","0","0","2","0","1","03","","","N","","","","","","","","","",""
"2024027158","0659","1","0","0","0","0","0","0","0","0","1","0","","14","3","2024","4","40.790823","-77.863789","0652","2","0","0","0","0","0","0","0","0","","0","0","0","","","0","","1","","40 47:26.962","2","0","77 51:49.639","0","0","0","0","14410","0","0","0","N","0","0","0","2","14410","0","","1.0","735.0","1","N","N","N","0","","0","0","1","","2","N","","2","0","0","0","0","0","0","2","0","2","03","","","N","","","","","","","","","",""
"2024028819","2246","0","0","0","0","0","0","0","0","0","7","0","","14","3","2024","1","40.842972","-77.600762","2232","2","0","1","0","0","0","0","0","0","","0","0","0","","","0","N","0","","40 50:34.699","","0","77 36:02.743","0","0","0","0","14207","0","0","0","N","0","0","0","1","68G07","0","","4.0","","1","N","N","N","0","","0","0","1","","0","","","1","0","0","0","0","0","0","1","0","1","03","","","N","","","","","","","","","",""
"2024027810","1518","1","0","0","0","0","0","0","0","0","1","0","","14","3","2024","6","40.810639","-77.830703","1514","2","0","0","0","0","1","0","0","0","","0","0","0","","","0","","1","","40 48:38.300","","0","77 49:50.531","0","0","0","0","14204","0","0","0","N","0","0","0","3","14410","0","","1.0","","1","N","N","N","0","","0","0","1","","2","","","2","0","0","0","0","0","0","2","0","2","03","98","","N","","","","","","","","","",""
"2024029849","0945","0","0","0","0","0","0","0","0","0","0","0","","14","4","2024","3","40.810956","-78.042067","0936","2","0","0","0","0","0","0","0","0","","0","0","0","","","0","N","0","","40 48:39.440","","0","78 02:31.440","0","0","0","0","14225","0","0","0","N","0","0","0","1","68G07","0","","4.0","","9","N","N","N","0","","0","0","1","","0","","","1","0","0","0","0","0","0","1","0","1","07","","","N","","","","","","","","","",""
"2024025716","2205","0","0","0","0","0","0","0","0","0","7","0","","14","3","2024","2","40.972811","-77.660514","2155","2","0","1","0","0","0","0","0","0","","0","0","0","","","1","N","0","","40 58:22.118","4","0","77 39:37.852","4","0","0","0","14214","0","0","0","N","0","0","0","1","68G07","1","","5.0","2230.0","1","N","N","N","1","","0","0","0","","0","N","","1","1","1","0","0","0","0","1","0","1","03","","","N","","","","","","","","","",""
"2024028058","1200","0","0","0","0","0","0","0","0","0","4","0","","14","3","2024","6","40.901218","-78.210962","1200","2","0","0","0","0","0","1","0","0","","0","0","0","","","0","","1","","40 54:04.385","","0","78 12:39.462","0","0","0","0","14406","0","0","0","N","0","0","0","2","68G07","0","","1.0","","1","N","N","N","0","","0","0","2","","2","","","2","0","0","0","0","0","0","2","0","2","03","03","","N","","","","","","","","","",""
"2024025827","0812","1","0","0","0","0","0","0","0","0","7","0","","14","3","2024","6","","","0808","2","0","0","0","0","0","0","0","1","","0","0","0","","","0","N","0","","40 48:32.3","","7","77 53:53.2","0","0","0","0","14216","0","0","0","N","0","0","0","1","14216","0","","3.0","","1","N","N","N","0","","0","0","0","","0","","","1","0","0","0","0","0","0","1","0","1","03","","","N","","","","","","","","","",""
"2024025171","0224","0","0","0","0","0","0","0","0","0","98","0","","14","3","2024","7","40.898541","-77.888156","0224","2","0","0","0","0","0","0","0","0","","0","0","0","","","0","N","0","","40 53:54.746","5","0","77 53:17.360","0","0","0","0","14223","0","0","0","N","0","0","0","1","68G07","0","","1.0","225.0","1","N","N","N","0","","0","0","0","","0","N","","1","0","0","0","0","0","0","1","1","1","03","","","N","","","","","","","","","",""
"2024027778","0955","1","0","0","0","0","0","0","0","0","7","0","","14","3","2024","6","40.812715","-77.904707","0950","2","0","0","0","0","0","0","0","0","","0","0","0","","","0","N","0","","40 48:45.775","","0","77 54:16.946","0","0","0","0","14216","0","0","0","N","0","0","0","2","14216","0","","2.0","","1","N","N","N","0","","0","0","0","","0","","","1","0","0","0","0","0","0","2","0","1","03","","","N","","","","","","","","","",""
"2024028258","1239","1","0","0","0","0","0","0","0","0","98","0","","14","3","2024","7","40.781729","-78.069289","1238","2","0","0","0","0","0","0","0","0","","0","0","0","","","0","N","0","","40 46:54.224","","0","78 04:09.440","0","0","0","0","14225","0","0","0","N","0","0","0","3","68G07","0","","1.0","","1","N","N","N","0","","0","0","0","","0","","","1","0","0","0","0","0","0","1","0","1","03","03","","N","","","","","","","","","",""
"2024020767","1630","0","0","0","0","0","0","0","0","0","1","0","","14","3","2024","2","40.809193","-77.925556","1610","2","0","0","0","1","0","0","0","0","","0","0","0","","","0","N","0","","40 48:33.093","","0","77 55:32.000","0","0","0","0","14216","0","0","0","N","0","0","0","2","14216","0","","1.0","","1","N","N","N","1","","0","0","1","","2","","","2","0","0","0","0","0","0","2","0","2","03","03","","N","","","","","","","","","",""
"2024038716","2307","0","0","0","0","0","0","0","0","0","7","0","","14","4","2024","1","40.849317","-78.14775","2245","2","0","0","0","0","0","0","0","0","","0","0","0","","","1","N","0","","40 50:57.540","","0","78 08:51.899","3","0","0","0","14219","0","0","0","N","0","0","0","1","68G07","0","","4.0","","1","N","N","N","0","","1","0","1","","0","","","1","1","0","0","0","0","0","1","0","1","03","","","N","","","","","","","","","",""
"2024024390","1652","1","0","0","0","0","0","0","0","0","4","0","","14","3","2024","6","40.7878","-77.85674","1649","2","0","0","0","0","0","0","1","0","","0","0","0","","","0","N","0","","40 47:16.080","","7","77 51:24.264","0","0","0","0","14410","0","0","0","N","0","0","0","2","14410","0","","1.0","","1","N","N","N","0","","0","0","1","","0","","","2","0","0","0","0","0","0","2","0","2","03","03","","N","","","","","","","","","",""
"2024027859","2139","1","0","0","0","0","0","0","0","0","5","0","","14","3","2024","6","40.784703","-77.829432","2131","2","0","0","0","0","0","0","0","0","","0","0","0","","","0","","2","","40 47:04.932","","0","77 49:45.956","0","0","0","0","14204","0","0","0","N","0","0","0","4","14410","0","","1.0","","1","N","N","N","0","","0","0","1","","2","","","2","0","0","0","0","0","0","1","0","2","03","03","","N","","","","","","","","","",""
"2024025621","1230","1","0","0","0","0","0","0","0","0","4","0","","14","3","2024","5","40.79457","-77.850425","1230","2","0","0","0","0","1","1","0","0","","0","0","0","","","1","","1","","40 47:40.451","","0","77 51:01.529","8","0","0","0","14410","0","0","0","N","0","0","0","2","14410","0","","1.0","","1","N","N","N","0","","0","0","1","","3","","","2","1","0","0","0","1","0","2","0","2","03","03","","N","","","","","","","","","",""
"2024049056","1705","1","0","0","0","0","0","0","0","0","4","0","","14","5","2024","6","40.916786","-77.858611","1645","2","0","0","0","0","0","0","0","1","","0","0","0","","","0","","2","","40 55:00.431","1","0","77 51:30.998","0","0","0","0","14223","0","0","0","N","0","0","0","2","68G07","0","","1.0","1800.0","1","N","N","N","0","","0","0","1","","0","Y","","2","0","0","0","0","0","0","1","0","2","03","","","N","","","","","","","","","",""
"2024038599","1840","0","0","0","0","0","0","0","0","0","8","0","","14","5","2024","5","40.796472","-77.856259","1838","2","0","0","0","0","0","0","0","0","","0","0","0","","","1","","2","","40 47:47.300","","0","77 51:22.531","3","0","0","0","14410","1","0","0","N","1","0","0","2","14410","0","","1.0","","1","N","N","N","1","","1","0","0","","3","","","2","1","0","0","0","0","0","2","0","1","03","03","","N","","","","","","","","","",""
"2024026495","0135","2","0","0","0","0","0","0","0","0","5","0","","14","3","2024","1","40.769056","-77.858","0133","2","0","0","1","1","0","0","0","0","","0","0","0","","","0","N","0","","40 46:08.600","","0","77 51:28.800","0","0","0","0","14206","0","0","0","N","0","0","0","4","14206","0","","1.0","","1","N","N","N","0","","0","0","0","","0","","","2","0","1","0","0","0","0","1","0","2","03","03","","N","","","","","","","","","",""
"2024028922","2325","0","0","0","0","0","0","0","0","0","98","0","","14","3","2024","2","40.914341","-77.712556","2320","2","0","0","0","0","0","0","0","0","","0","0","0","","","0","N","0","","40 54:51.626","","0","77 42:45.202","0","0","0","0","14221","0","0","0","N","0","0","0","1","14221","0","","4.0","","1","N","N","N","0","","0","0","1","","0","","","1","0","0","0","0","0","0","1","0","1","03","03","","N","","","","","","","","","",""
"2024053464","1710","1","0","0","0","0","0","0","0","0","5","1","","14","6","2024","3","40.808085","-77.824977","1709","2","0","0","0","0","0","0","0","0","","0","1","0","","","0","N","0","","40 48:29.105","3","0","77 49:29.916","0","0","0","0","14204","0","0","0","N","0","0","0","2","14410","0","","1.0","1757.0","1","N","N","N","0","","0","0","0","","0","N","","2","0","0","0","0","0","0","2","0","2","03","03","","N","","","","","","","","","",""
"2024014312","1545","1","0","0","0","0","0","0","0","0","7","0","","14","2","2024","7","40.813279","-77.921558","1543","2","0","0","0","0","0","1","0","0","","0","0","0","","","0","","1","","40 48:47.803","","0","77 55:17.610","9","0","0","0","14216","0","0","0","Y","0","0","0","1","14216","0","","5.0","","1","N","N","N","0","","0","0","0","","2","","","1","0","0","0","0","0","1","2","0","1","03","03","","N","","","","","","","","","",""
"2024056689","2147","1","0","0","0","0","0","0","0","0","4","0","","14","6","2024","6","40.831713","-77.804163","2143","2","0","0","0","0","0","0","1","0","","0","0","0","","","1","","1","","40 49:54.167","4","0","77 48:14.986","3","0","0","0","14204","0","0","0","N","0","0","0","2","14410","0","","1.0","2245.0","1","N","N","N","0","","1","0","1","","2","Y","","2","1","0","0","0","0","0","2","0","2","03","","","N","","","","","","","","","",""
"2024026055","1934","1","0","0","0","0","0","0","0","0","4","0","","14","3","2024","6","40.810049","-77.905374","1932","2","0","0","0","1","0","0","0","0","","0","0","0","","","0","N","0","","40 48:36.178","","7","77 54:19.347","0","0","0","0","14216","0","0","0","N","0","0","0","4","14216","0","","1.0","","1","N","N","N","0","","0","0","1","","0","","","2","0","0","0","0","0","0","2","0","2","03","03","","N","","","","","","","","","",""
"2024024918","0710","0","0","0","0","0","0","0","0","0","1","0","","14","3","2024","3","40.782536","-77.800044","0700","2","0","0","0","0","0","2","0","0","","0","0","0","","","0","N","0","","40 46:57.131","","0","77 48:00.157","0","0","0","0","14210","0","0","0","N","0","0","0","2","14410","0","","1.0","","1","N","N","N","1","","0","0","0","","0","","","2","0","0","0","0","0","0","2","1","2","02","04","","N","","","","","","","","","",""
"2024020673","0814","0","0","0","0","0","0","0","0","0","1","0","","14","3","2024","2","40.78443","-77.783419","0808","2","0","0","0","0","0","1","0","0","","0","0","0","","","2","Y","0","","40 47:03.947","","2","77 47:00.309","4","0","0","0","14210","0","0","0","N","0","0","0","2","14410","2","","1.0","","1","N","N","N","0","","0","0","2","","0","","","2","2","0","0","0","0","0","2","0","2","03","03","","N","","","","","","","","","",""
"2024026914","1702","0","0","0","0","0","0","0","0","0","1","0","","14","3","2024","2","40.959976","-77.68919","1634","2","0","0","0","0","0","1","0","1","","0","0","0","","","2","N","0","","40 57:35.913","5","0","77 41:21.085","3","0","0","0","14214","0","0","0","N","0","0","0","2","68G07","0","","1.0","1730.0","1","N","N","N","0","","2","0","1","","0","Y","","2","2","0","0","0","0","0","1","0","2","03","03","","N","","","","","","","","","",""
"2024027812","1515","2","0","0","0","0","0","0","0","0","4","0","","14","3","2024","6","40.823586","-77.812359","1507","2","0","0","0","0","0","0","0","1","","0","0","0","","","0","N","0","","40 49:24.908","","7","77 48:44.492","0","0","0","0","14204","0","0","0","N","0","0","0","2","14410","0","","1.0","","1","N","N","N","0","","0","0","0","","2","","","2","0","0","0","0","0","0","2","0","2","03","03","","N","","","","","","","","","",""
"2024026986","1415","0","0","0","0","0","0","0","0","0","4","0","","14","3","2024","2","40.808693","-77.901691","1412","2","0","0","0","0","0","0","1","1","","0","0","0","","","0","N","0","","40 48:31.295","1","7","77 54:06.087","0","0","0","0","14216","0","0","0","N","0","0","0","3","14216","0","","1.0","1445.0","1","N","N","Y","0","","0","0","3","","0","N","","3","0","1","0","0","0","0","2","0","3","03","03","","N","","","","","","","","","",""
"2024024376","0103","0","0","0","0","0","0","0","0","0","4","0","","14","3","2024","1","40.784656","-77.848618","0101","2","0","0","0","1","0","0","0","0","","0","0","0","","","0","","1","","40 47:04.760","2","0","77 50:55.025","0","0","0","0","14410","0","0","0","N","0","0","0","2","14410","0","","1.0","155.0","1","N","N","N","0","","0","0","2","","2","Y","","2","0","0","0","0","0","0","2","0","2","03","03","","N","","","","","","","","","",""
"2024027706","1047","1","0","0","0","0","0","0","0","0","4","0","","14","3","2024","5","40.762709","-77.880783","1045","2","0","0","0","0","0","0","1","0","","0","0","0","","","1","","2","","40 45:45.753","6","0","77 52:50.817","8","0","0","0","14206","0","0","0","N","0","0","0","3","14206","0","","1.0","1130.0","1","N","N","N","0","","0","0","1","","3","Y","","2","1","0","0","0","1","0","2","0","2","03","","","N","","","","","","","","","",""
"2024024341","0900","0","0","0","0","0","0","0","0","0","5","0","","14","3","2024","5","40.970271","-78.066175","0839","2","0","0","0","0","0","1","1","0","","0","0","0","","","0","N","0","","40 58:12.975","","0","78 03:58.230","0","0","0","0","14219","0","0","0","N","0","0","0","2","68G07","0","","1.0","","1","N","N","N","0","","0","0","2","","0","","","2","0","0","0","0","0","0","1","0","2","03","","","N","","","","","","","","","",""
"2024054435","0856","0","0","0","0","0","0","0","0","0","8","0","","14","5","2024","4","40.885296","-77.47128","0831","2","0","0","0","0","0","0","0","0","","0","0","0","","","1","N","0","","40 53:07.065","","0","77 28:16.607","3","0","0","0","14217","1","0","0","N","1","0","0","2","68G07","0","","1.0","","1","N","N","N","0","","1","0","1","","0","","","2","1","0","0","0","0","0","1","0","1","03","","","N","","","","","","","","","",""
"2024063789","2300","0","0","0","0","0","0","0","0","0","7","1","","14","7","2024","4","40.859076","-77.791876","2251","2","0","0","0","0","0","1","0","0","","0","1","0","","","0","N","0","","40 51:32.672","1","0","77 47:30.752","0","0","0","0","14201","0","0","0","Y","0","0","0","2","68G07","0","","5.0","2345.0","1","N","N","N","0","","0","0","0","","0","N","","1","0","0","0","0","0","0","1","0","1","03","","","N","","","","","","","","","",""
"2024046798","0101","1","0","0","0","0","0","0","0","0","7","0","","14","5","2024","4","40.801114","-77.879331","0101","2","0","0","0","0","0","0","0","0","","0","0","0","","","0","N","0","","40 48:04.010","","0","77 52:45.591","0","0","0","0","14206","0","0","0","N","0","0","0","1","14206","0","","2.0","","1","","","N","0","","0","0","0","","0","","","1","0","0","0","0","0","0","2","0","1","03","03","","N","","","","","","","","","",""
"2024047518","2131","1","0","0","0","0","0","0","0","0","7","0","","14","5","2024","5","40.777376","-77.789788","2122","2","0","0","0","0","0","0","0","0","","0","0","0","","","0","","2","","40 46:38.553","1","7","77 47:23.236","0","0","0","0","14210","0","0","0","N","0","0","0","1","14410","0","","2.0","2228.0","1","N","N","N","0","","0","0","0","","3","Y","","1","0","0","0","0","0","0","2","0","1","03","","","N","","","","","","","","","",""
"2024061947","1646","1","0","0","0","0","0","0","0","0","6","0","","14","6","2024","1","40.891263","-77.766809","1641","2","0","0","0","0","0","0","0","0","","0","0","0","","","0","N","0","","40 53:28.548","","0","77 46:00.511","0","0","0","0","14221","0","0","0","N","0","0","0","2","14221","0","","1.0","","1","N","N","N","0","","0","0","1","","0","","","2","0","0","0","0","0","0","1","0","2","03","03","","N","","","","","","","","","",""
"2024057716","0831","0","0","0","0","0","0","0","0","0","4","0","","14","6","2024","7","40.895157","-78.219371","0830","2","0","0","0","0","0","0","1","0","","0","0","0","","","0","","2","","40 53:42.564","","0","78 13:09.735","0","0","0","0","14406","0","0","0","N","0","0","0","2","68G07","0","","1.0","","1","N","N","N","1","","0","0","0","","3","","","2","0","0","0","0","0","0","2","1","2","03","","","N","","","","","","","","","",""
"2024046694","1508","1","0","0","0","0","0","0","0","0","98","0","","14","5","2024","7","40.821467","-78.029229","1448","2","0","0","0","0","0","0","0","0","","0","0","0","","","0","N","0","","40 49:17.281","","0","78 01:45.223","0","0","0","0","14225","0","0","0","N","0","0","0","1","68G07","0","","1.0","","1","N","N","N","0","","0","0","0","","0","","","1","0","0","0","0","0","0","1","0","1","03","","","N","","","","","","","","","",""
"2024055400","1903","0","0","0","0","0","0","0","0","0","7","1","","14","6","2024","2","40.89048","-77.733142","1853","2","0","0","0","0","0","1","0","0","","0","1","0","","","1","N","0","","40 53:25.727","1","0","77 43:59.311","3","0","0","0","14221","0","0","0","Y","0","0","0","1","68G07","0","","2.0","2230.0","1","N","N","N","0","","1","0","0","","1","Y","","1","1","0","0","0","0","0","1","0","1","03","","","N","","","","","","","","","",""
"2024049788","1601","0","0","0","0","0","0","0","0","0","3","0","","14","6","2024","5","40.792718","-77.859198","1601","2","0","0","0","0","0","1","0","0","","0","0","0","","","0","N","0","","40 47:33.785","","7","77 51:33.114","0","0","0","0","14410","0","0","0","N","0","0","0","3","14410","0","","6.0","","1","N","N","N","0","","0","0","2","","0","","","2","0","0","0","0","0","0","2","0","2","03","03","","N","","","","","","","","","",""
"2024056862","2126","0","0","0","0","0","0","0","0","0","98","0","","14","6","2024","7","40.717973","-77.930684","2116","2","0","0","0","0","0","0","0","0","","0","0","0","","","1","N","0","","40 43:04.701","","0","77 55:50.462","8","0","0","0","14206","0","0","0","N","0","0","0","2","14206","0","","1.0","","1","N","N","N","0","","0","0","1","","0","","","1","1","0","0","0","1","0","1","0","1","04","","","N","","","","","","","","","",""
"2024046442","1627","1","0","0","0","0","0","0","0","0","1","0","","14","5","2024","2","40.776328","-77.784746","1620","2","0","0","0","0","0","0","1","0","","0","0","0","","","0","","2","","40 46:34.779","3","0","77 47:05.084","0","0","0","0","14210","0","0","0","N","0","0","0","2","14410","0","","1.0","1745.0","9","N","N","N","1","","0","0","0","","0","N","","2","0","0","0","0","0","0","2","0","2","03","","","N","","","","","","","","","",""
"2024048147","1833","0","0","0","0","0","0","0","0","0","7","0","","14","5","2024","6","40.873297","-77.777515","1833","2","0","0","0","0","0","0","0","0","","0","0","0","","","0","N","0","","40 52:23.870","1","0","77 46:39.054","0","0","0","0","14201","0","0","0","N","0","0","0","1","68G07","0","","4.0","1900.0","1","N","N","N","0","","0","0","1","","0","N","","1","0","0","0","0","0","0","2","0","1","03","","","N","","","","","","","","","",""
"2024040959","2338","0","0","0","0","0","0","0","0","0","7","0","","14","5","2024","7","40.718773","-77.927538","2324","2","0","0","0","0","0","0","0","0","","0","0","0","","","0","","1","","40 43:07.581","","0","77 55:39.135","0","0","0","0","14206","0","0","0","N","0","0","0","2","14501","0","","5.0","","9","N","N","N","0","","0","0","1","","0","","","1","0","0","0","0","0","0","1","0","1","07","05","","N","","","","","","","","","",""
"2024046709","0052","1","0","0","0","0","0","0","0","0","7","0","","14","5","2024","2","40.968986","-77.791007","0044","2","0","0","0","0","0","0","0","0","","0","0","0","","","1","N","0","","40 58:08.348","3","0","77 47:27.624","3","0","0","0","14202","0","0","0","N","0","0","0","2","68G07","0","","4.0","200.0","9","N","N","N","0","","1","0","0","","0","N","","1","1","0","0","0","0","0","1","0","1","07","","","N","","","","","","","","","",""
"2024054517","0934","1","0","0","0","0","0","0","0","0","4","0","","14","6","2024","2","40.800491","-78.001827","0928","2","0","0","0","1","0","1","0","0","","0","0","0","","","3","N","0","","40 48:01.768","5","7","78 00:06.576","3","0","0","0","14209","0","0","0","N","0","0","0","3","68G07","1","","1.0","1014.0","1","N","N","N","0","","2","0","1","","0","N","","2","3","0","0","0","0","0","1","0","2","03","","","N","","","","","","","","","",""
"2024052804","1419","0","0","0","0","0","0","0","0","0","4","0","","14","6","2024","1","40.80891","-77.819064","1410","2","0","0","0","0","0","1","1","0","","0","0","0","","","2","","1","","40 48:32.075","4","0","77 49:08.629","8","0","0","0","14204","0","0","0","N","0","0","0","3","14410","0","","1.0","1430.0","1","N","N","N","0","","0","0","2","","2","N","","2","2","0","0","0","2","0","2","0","2","03","03","","N","","","","","","","","","",""
"2024063859","0115","0","0","0","0","0","0","0","0","0","7","0","","14","7","2024","3","40.998523","-77.857227","0056","2","0","0","0","0","0","0","0","0","","0","0","0","","","0","N","0","","40 59:54.681","3","0","77 51:26.018","0","0","0","0","14202","0","0","0","Y","0","0","0","1","68G07","0","","5.0","235.0","9","N","N","N","0","","0","0","1","","0","N","","1","0","0","0","0","0","0","1","0","1","07","","","N","","","","","","","","","",""
"2024046816","1209","1","0","0","0","0","0","0","0","0","4","1","","14","5","2024","6","40.940083","-77.729","1202","2","0","0","0","0","0","0","0","0","","0","1","0","","","2","","2","","40 56:24.300","","0","77 43:44.400","2","0","0","0","14221","0","0","0","N","0","0","0","4","14221","0","","1.0","","1","N","N","N","0","","1","1","0","","3","","","2","2","1","0","1","0","0","1","0","2","03","03","","N","","","","","","","","","",""
"2024054827","1632","1","0","0","0","0","0","0","0","0","0","0","","14","6","2024","1","40.771521","-77.872921","1627","2","0","0","0","1","0","0","0","0","","0","0","0","","","0","","2","","40 46:17.474","","0","77 52:22.515","0","0","0","0","14206","0","0","0","N","0","0","0","1","14206","0","","1.0","","1","N","N","N","0","","0","0","0","","3","","","1","0","0","0","0","0","0","2","0","1","04","","","N","","","","","","","","","",""
"2024029385","1624","1","0","0","0","0","0","0","0","0","4","0","","14","4","2024","5","40.811657","-77.829006","1620","2","0","0","0","0","0","0","1","0","","0","0","0","","","1","","1","","40 48:41.966","3","0","77 49:44.423","3","0","0","0","14204","0","0","0","N","0","0","0","2","14410","0","","1.0","1652.0","1","N","N","N","0","","1","0","1","","2","N","","2","1","0","0","0","0","0","2","0","2","04","98","","N","","","","","","","","","",""
"2024055422","1850","0","0","0","0","0","0","0","0","0","1","2","","14","6","2024","5","41.004879","-77.600024","1839","2","0","0","0","0","0","0","0","0","","0","2","0","","","0","N","0","","41 00:17.563","4","0","77 36:00.088","0","0","0","0","14214","0","0","0","N","0","0","0","2","68G07","0","","1.0","2006.0","1","N","N","N","0","","0","0","0","","0","N","","2","0","0","0","0","0","0","1","0","2","03","","","N","","","","","","","","","",""
"2024048659","1922","1","0","0","0","0","0","0","0","0","5","0","","14","5","2024","6","40.902088","-77.883976","1907","2","0","0","0","1","0","0","0","0","","0","0","0","","","1","","2","","40 54:07.518","4","0","77 53:02.312","3","0","0","0","14223","0","0","0","N","0","0","0","4","68G07","0","","4.0","2003.0","1","N","N","N","0","","1","0","1","","0","N","","2","1","1","0","0","0","0","1","0","2","03","","","N","","","","","","","","","",""
"2024045639","0530","1","0","0","0","0","0","0","0","0","1","0","","14","5","2024","6","40.787108","-77.899676","0530","2","0","0","0","0","0","1","0","0","","0","0","0","","","0","N","0","","40 47:13.588","","0","77 53:58.833","0","0","0","0","14206","0","0","0","N","0","0","0","1","14206","0","","1.0","","1","N","N","N","0","","0","0","0","","0","","","2","0","0","0","0","0","0","2","0","2","03","03","","N","","","","","","","","","",""
"2024063261","2101","0","0","0","0","0","0","0","0","0","4","0","","14","7","2024","3","40.901968","-78.225148","2038","2","0","0","0","0","0","0","0","1","","0","0","0","","","0","","1","","40 54:07.086","","0","78 13:30.532","0","0","0","0","14219","0","0","0","N","0","0","0","2","68G07","0","","1.0","","1","N","N","N","0","","0","0","2","","2","","","2","0","0","0","0","0","0","2","0","2","03","","","N","","","","","","","","","",""
"2024054900","2111","1","0","0","0","0","0","0","0","0","4","0","","14","6","2024","1","40.915822","-77.769998","2111","2","0","1","0","0","0","0","0","0","","0","0","0","","","1","","1","","40 54:56.959","3","0","77 46:11.994","3","0","0","0","14401","0","0","0","N","0","0","0","5","14401","0","","1.0","2140.0","1","N","N","N","0","","1","0","0","","3","Y","","2","1","0","0","0","0","0","2","1","2","03","","","N","","","","","","","","","",""