"CRN","ARRIVAL_TM","AUTOMOBILE_COUNT","BELTED_DEATH_COUNT","BELTED_SUSP_SERIOUS_INJ_COUNT","BICYCLE_COUNT","BICYCLE_DEATH_COUNT","BICYCLE_SUSP_SERIOUS_INJ_COUNT","BUS_COUNT","CHLDPAS_DEATH_COUNT","CHLDPAS_SUSP_SERIOUS_INJ_COUNT","COLLISION_TYPE","COMM_VEH_COUNT","CONS_ZONE_SPD_LIM","COUNTY","CRASH_MONTH","CRASH_YEAR","DAY_OF_WEEK","DEC_LATITUDE","DEC_LONGITUDE","DISPATCH_TM","DISTRICT","DRIVER_COUNT_16YR","DRIVER_COUNT_17YR","DRIVER_COUNT_18YR","DRIVER_COUNT_19YR","DRIVER_COUNT_20YR","DRIVER_COUNT_50_64YR","DRIVER_COUNT_65_74YR","DRIVER_COUNT_75PLUS","EST_HRS_CLOSED","FATAL_COUNT","HEAVY_TRUCK_COUNT","HORSE_BUGGY_COUNT","HOUR_OF_DAY","ILLUMINATION","INJURY_COUNT","INTERSECTION_RELATED","INTERSECT_TYPE","LANE_CLOSED","LATITUDE","LN_CLOSE_DIR","LOCATION_TYPE","LONGITUDE","MAX_SEVERITY_LEVEL","MCYCLE_DEATH_COUNT","MCYCLE_SUSP_SERIOUS_INJ_COUNT","MOTORCYCLE_COUNT","MUNICIPALITY","NONMOTR_COUNT","NONMOTR_DEATH_COUNT","NONMOTR_SUSP_SERIOUS_INJ_COUNT","NTFY_HIWY_MAINT","PED_COUNT","PED_DEATH_COUNT","PED_SUSP_SERIOUS_INJ_COUNT","PERSON_COUNT","POLICE_AGCY","POSSIBLE_INJ_COUNT","RDWY_SURF_TYPE_CD","RELATION_TO_ROAD","ROADWAY_CLEARED","ROAD_CONDITION","SCH_BUS_IND","SCH_ZONE_IND","SECONDARY_CRASH","SMALL_TRUCK_COUNT","SPEC_JURIS_CD","SUSP_MINOR_INJ_COUNT","SUSP_SERIOUS_INJ_COUNT","SUV_COUNT","TCD_FUNC_CD","TCD_TYPE","TFC_DETOUR_IND","TIME_OF_DAY","TOTAL_UNITS","TOT_INJ_COUNT","UNBELTED_OCC_COUNT","UNB_DEATH_COUNT","UNB_SUSP_SERIOUS_INJ_COUNT","UNK_INJ_DEG_COUNT","UNK_INJ_PER_COUNT","URBAN_RURAL","VAN_COUNT","VEHICLE_COUNT","WEATHER1","WEATHER2","WORKERS_PRES","WORK_ZONE_IND","WORK_ZONE_LOC","WORK_ZONE_TYPE","WZ_CLOSE_DETOUR","WZ_FLAGGER","WZ_LAW_OFFCR_IND","WZ_LN_CLOSURE","WZ_MOVING","WZ_OTHER","WZ_SHLDER_MDN","WZ_WORKERS_INJ_KILLED"
"2024053064","1723","1","0","0","0","0","0","0","0","0","1","0","","14","6","2024","2","40.805256","-77.842725","1718","2","0","0","0","0","0","2","0","0","","0","0","0","","","1","","2","","40 48:18.920","","0","77 50:33.811","4","0","0","0","14204","0","0","0","N","0","0","0","2","14410","1","","1.0","","1","N","N","N","0","","0","0","0","","2","","","2","1","1","0","0","0","0","2","1","2","03","03","","N","","","","","","","","","",""
"2024054108","1215","0","0","0","0","0","0","0","0","0","8","0","","14","6","2024","1","40.779491","-77.766172","1205","2","0","0","0","0","0","0","0","0","","0","0","0","","","1","N","0","","40 46:46.169","","7","77 45:58.220","4","0","0","0","14210","1","0","0","N","1","0","0","2","14410","1","","1.0","","1","N","N","N","0","","0","0","1","","0","","","2","1","0","0","0","0","0","2","0","1","03","","","N","","","","","","","","","",""
"2024065413","0841","1","0","0","0","0","0","0","0","0","7","0","","14","7","2024","2","40.774314","-77.811467","0830","2","0","0","0","0","0","0","0","0","","0","0","0","","","0","","2","","40 46:27.532","","0","77 48:41.282","0","0","0","0","14210","0","0","0","Y","0","0","0","1","14410","0","","4.0","","1","N","N","N","0","","0","0","0","","0","","","1","0","0","0","0","0","0","2","0","1","03","","","N","","","","","","","","","",""
"2024063107","1645","0","0","0","0","0","0","0","0","0","7","0","","14","7","2024","5","40.9172","-78.066844","1616","2","0","0","0","0","0","1","0","0","","0","0","0","","","1","N","0","","40 55:01.920","5","0","78 04:00.640","3","0","0","0","14219","0","0","0","N","0","0","0","1","68G07","0","","4.0","1730.0","1","N","N","N","0","","1","0","1","","0","Y","","1","1","0","0","0","0","0","1","0","1","03","","","N","","","","","","","","","",""
"2024066643","2052","0","0","0","0","0","0","0","0","0","0","0","","14","8","2024","5","40.784294","-77.845379","2046","2","0","0","0","0","0","1","0","0","","0","0","0","","","1","N","0","","40 47:03.458","1","0","77 50:43.366","3","0","0","0","14210","0","0","0","N","0","0","0","2","14410","0","","1.0","2130.0","1","N","N","N","0","","1","0","2","","0","N","","2","1","0","0","0","0","0","2","0","2","03","","","N","","","","","","","","","",""
"2024052144","0124","0","0","0","0","0","0","0","0","0","7","0","","14","6","2024","6","40.78805","-77.870021","0122","2","0","0","0","0","0","0","0","0","","0","0","0","","","0","","1","","40 47:16.979","4","0","77 52:12.076","0","0","0","0","14410","0","0","0","N","0","0","0","1","14410","0","","5.0","300.0","1","N","N","N","0","","0","0","1","","0","N","","1","0","0","0","0","0","0","2","0","1","03","03","","N","","","","","","","","","",""
"2024055852","0805","2","0","0","0","0","0","0","0","0","2","0","","14","6","2024","4","40.785284","-77.764375","0803","2","0","0","0","0","0","3","0","0","","0","0","0","","","3","N","0","","40 47:07.021","6","0","77 45:51.750","3","0","0","0","14210","0","0","0","N","0","0","0","3","14410","0","","1.0","920.0","1","N","N","N","0","","2","0","1","","0","Y","","3","3","0","0","0","1","0","2","0","3","03","03","","N","","","","","","","","","",""
"2024057602","1224","0","0","0","0","0","0","0","0","0","1","0","55","14","6","2024","5","40.830864","-77.839098","1216","2","0","0","0","0","0","0","0","0","","0","0","0","","","1","N","0","","40 49:51.110","2","0","77 50:20.754","3","0","0","0","14204","0","0","0","N","0","0","0","2","68G07","0","","1.0","1300.0","1","N","N","N","1","","1","0","1","","0","Y","","2","1","1","0","0","0","0","1","0","2","03","","N","Y","4","2","","","N","Y","","","","N"
"2024061183","1925","0","0","0","0","0","0","0","0","0","98","0","","14","7","2024","3","40.80425","-77.812944","1910","2","0","0","0","0","0","1","0","0","","0","0","0","","","1","","1","","40 48:15.300","","0","77 48:46.600","8","0","0","1","14204","0","0","0","N","0","0","0","1","14410","0","","1.0","","1","N","N","N","0","","0","0","0","","0","N","","1","1","0","0","0","1","0","2","0","1","03","","","N","","","","","","","","","",""
"2024063133","1536","0","0","0","0","0","0","0","0","0","7","0","","14","7","2024","1","40.833026","-77.934801","1524","2","0","0","0","0","0","1","0","0","","0","0","0","","","1","N","0","","40 49:58.894","5","0","77 56:05.283","4","0","0","0","14216","0","0","0","N","0","0","0","1","14216","1","","2.0","1614.0","1","N","N","N","0","","0","0","1","","0","Y","","1","1","0","0","0","0","0","1","0","1","03","","","N","","","","","","","","","",""
"2024053329","0039","1","0","0","0","0","0","0","0","0","1","0","","14","6","2024","2","40.956601","-77.767518","0031","2","0","0","0","0","0","1","0","0","","0","0","0","","","1","N","0","","40 57:23.765","1","0","77 46:03.066","8","0","0","1","14202","0","0","0","N","0","0","0","3","68G07","0","","1.0","110.0","1","N","N","N","0","","0","0","0","","0","N","","2","1","0","0","0","1","0","1","0","2","03","","","N","","","","","","","","","",""
"2024062074","1845","0","0","0","0","0","0","0","0","0","7","0","","14","7","2024","5","40.751167","-78.217279","1834","2","0","0","0","0","0","0","0","1","","0","0","0","","","1","N","0","","40 45:04.202","1","0","78 13:02.203","3","0","0","0","14222","0","0","0","N","0","0","0","1","68G07","0","","4.0","1912.0","1","N","N","N","0","","1","0","0","","0","N","","1","1","0","0","0","0","0","1","1","1","03","","","N","","","","","","","","","",""
"2024051613","1101","0","0","0","0","0","0","0","0","0","4","0","","14","6","2024","4","40.940112","-77.729004","1055","2","0","0","0","0","0","0","1","1","","0","0","0","","","0","","2","","40 56:24.404","5","0","77 43:44.416","0","0","0","0","14221","0","0","0","N","0","0","0","2","14221","0","","1.0","1200.0","1","N","N","N","1","","0","0","1","","3","N","","2","0","0","0","0","0","0","1","0","2","03","","","N","","","","","","","","","",""
"2024062941","1445","1","0","0","0","0","0","0","0","0","7","0","","14","7","2024","7","40.797701","-77.874274","1443","2","0","0","0","0","0","0","0","0","","0","0","0","","","0","","2","","40 47:51.723","2","0","77 52:27.388","0","0","0","0","14410","0","0","0","N","0","0","0","1","14410","0","","1.0","1540.0","1","N","N","N","0","","0","0","0","","0","N","","1","0","0","0","0","0","0","2","0","1","03","03","","N","","","","","","","","","",""
"2024053415","1214","2","0","0","0","0","0","0","0","0","4","0","","14","6","2024","3","40.785027","-77.832233","1209","2","0","0","0","0","0","0","0","1","","0","0","0","","","0","","1","","40 47:06.098","","7","77 49:56.037","0","0","0","0","14204","0","0","0","N","0","0","0","5","14410","0","","1.0","","1","N","N","N","0","","0","0","0","","0","","","2","0","0","0","0","0","0","2","0","2","03","03","","N","","","","","","","","","",""
"2024050763","1055","0","0","0","0","0","0","0","0","0","7","0","","14","6","2024","7","40.846578","-77.825806","1043","2","0","0","0","0","0","0","0","0","","0","0","0","","","0","N","0","","40 50:47.680","5","0","77 49:32.900","0","0","0","0","14201","0","0","0","N","0","0","0","1","68G07","0","","2.0","1200.0","1","N","N","N","0","","0","0","1","","0","Y","","1","0","0","0","0","0","0","1","0","1","03","","","N","","","","","","","","","",""
"2024054093","1256","0","0","0","0","0","0","0","0","0","4","1","90","14","6","2024","5","40.818064","-77.818589","1254","2","0","0","0","0","0","0","0","0","","0","1","0","","","1","N","1","","40 49:05.031","1","0","77 49:06.921","3","0","0","0","14204","1","0","0","Y","1","0","0","3","14410","0","","1.0","1330.0","1","N","N","N","0","","1","0","1","","7","Y","","3","1","0","0","0","0","0","2","0","2","03","","Y","Y","4","3","","Y","N","Y","","","","Y"
"2024043837","0748","1","0","0","0","0","0","0","0","0","7","0","","14","5","2024","1","40.793256","-77.737991","0741","2","0","0","0","0","0","0","0","0","","0","0","0","","","1","N","0","","40 47:35.720","3","0","77 44:16.767","4","0","0","0","14210","0","0","0","N","0","0","0","1","14410","1","","5.0","815.0","1","N","N","N","0","","0","0","0","","0","N","","1","1","0","0","0","0","0","1","0","1","03","","","N","","","","","","","","","",""
"2024063648","2209","1","0","0","0","0","0","0","0","0","7","0","","14","7","2024","7","40.890579","-77.73349","2202","2","0","0","0","0","1","0","0","0","","0","0","0","","","0","N","0","","40 53:26.084","1","0","77 44:00.563","0","0","0","0","14221","0","0","0","Y","0","0","0","1","68G07","0","","4.0","2300.0","1","N","N","N","0","","0","0","0","","0","N","","1","0","0","0","0","0","0","1","0","1","03","03","","N","","","","","","","","","",""
"2024042234","0653","0","0","0","0","0","0","0","0","0","7","0","","14","5","2024","7","40.870043","-78.215273","0644","2","0","0","0","0","1","0","0","0","","0","0","0","","","0","N","0","","40 52:12.156","5","0","78 12:54.984","0","0","0","0","14219","0","0","0","N","0","0","0","1","68G07","0","","4.0","1500.0","1","N","N","N","0","","0","0","1","","0","Y","","1","0","0","0","0","0","0","1","0","1","03","","","N","","","","","","","","","",""
"2024043191","2042","0","0","0","0","0","0","0","0","0","0","0","","14","5","2024","5","40.773418","-77.866527","2037","2","0","0","0","0","1","0","0","0","","0","0","0","","","1","N","0","","40 46:24.305","","0","77 51:59.498","8","0","0","0","14410","0","0","0","N","0","0","0","1","14410","0","","1.0","","1","N","N","N","0","","0","0","0","","0","","","1","1","0","0","0","1","0","2","0","1","03","03","","N","","","","","","","","","",""
"2024043779","0105","2","0","0","0","0","0","0","0","0","6","0","","14","5","2024","7","40.8438","-77.820279","0100","2","0","0","0","0","0","0","0","0","","0","0","0","","","0","N","0","","40 50:37.680","2","0","77 49:13.003","0","0","0","0","14201","0","0","0","N","0","0","0","2","68G07","0","","1.0","144.0","9","N","N","Y","0","","0","0","0","","0","N","","2","0","0","0","0","0","0","1","0","2","07","","","N","","","","","","","","","",""
"2024043126","1553","0","0","0","0","0","0","0","0","0","4","0","","14","5","2024","5","40.785306","-77.902694","1547","2","0","0","0","0","0","0","0","0","","0","0","0","","","1","","1","","40 47:07.100","2","0","77 54:09.700","8","0","0","0","14206","0","0","0","N","0","0","0","2","14206","0","","1.0","1624.0","1","N","N","N","0","","0","0","2","","0","Y","","2","1","0","0","0","1","0","2","0","2","03","03","","N","","","","","","","","","",""
"2024055719","0041","1","0","0","0","0","0","0","0","0","7","0","","14","6","2024","4","40.845667","-77.939444","0032","2","0","0","0","0","0","0","0","0","","0","0","0","","","0","N","0","","40 50:44.400","2","0","77 56:22.000","0","0","0","0","14216","0","0","0","N","0","0","0","1","14216","0","","2.0","108.0","1","N","N","N","0","","0","0","0","","0","N","","1","0","0","0","0","0","0","1","0","1","03","","","N","","","","","","","","","",""
"2024053162","1516","1","0","0","0","0","0","0","0","0","1","0","","14","6","2024","7","40.797856","-77.661749","1516","2","0","0","0","0","0","0","0","0","","0","0","0","","","0","N","0","","40 47:52.281","","0","77 39:42.295","0","0","0","0","14218","0","0","0","N","0","0","0","5","68G07","0","","1.0","","1","N","N","N","0","","0","0","1","","0","","","2","0","0","0","0","0","0","1","0","2","03","","","N","","","","","","","","","",""
"2024059974","1643","1","0","0","0","0","0","0","0","0","7","0","","14","6","2024","2","40.827726","-77.84162","1634","2","0","0","0","0","0","0","1","0","","0","0","0","","","0","N","0","","40 49:39.814","","0","77 50:29.831","0","0","0","0","14204","0","0","0","N","0","0","0","1","68G07","0","","1.0","","1","N","N","N","0","","0","0","0","","0","","","1","0","0","0","0","0","0","1","0","1","03","","","N","","","","","","","","","",""
"2024062024","0938","0","0","0","0","0","0","0","0","0","7","0","","14","6","2024","2","40.811111","-78.041322","0929","2","0","0","0","0","0","1","0","0","","0","0","0","","","1","N","0","","40 48:40.001","","0","78 02:28.759","3","0","0","0","14225","0","0","0","N","0","0","0","1","68G07","0","","4.0","","1","N","N","N","1","","1","0","0","","0","","","1","1","0","0","0","0","0","1","0","1","03","03","","N","","","","","","","","","",""
"2024053324","0222","1","0","0","0","0","0","0","0","0","7","0","","14","6","2024","7","40.976534","-77.653806","0213","2","0","0","0","0","0","0","0","0","","0","0","0","","","1","N","0","","40 58:35.524","5","0","77 39:13.703","8","0","0","0","14214","0","0","0","N","0","0","0","1","68G07","0","","4.0","130.0","1","N","N","N","0","","0","0","0","","0","Y","","1","1","0","0","0","1","0","1","0","1","03","","","N","","","","","","","","","",""
"2024058920","1745","0","0","0","0","0","0","0","0","0","1","0","","14","7","2024","2","40.960851","-77.762092","1730","2","0","0","0","0","0","1","0","0","","0","0","0","","","0","Y","0","","40 57:39.065","","0","77 45:43.532","0","0","0","0","14202","0","0","0","N","0","0","0","2","68G07","0","","1.0","","1","N","N","N","1","","0","0","1","","0","","","2","0","0","0","0","0","0","1","0","2","03","","","N","","","","","","","","","",""
"2024045529","1115","0","0","0","0","0","0","0","0","0","7","0","","14","5","2024","6","40.774098","-77.853441","1110","2","0","0","0","0","0","0","1","1","","0","0","0","","","0","N","0","","40 46:26.753","","7","77 51:12.387","0","0","0","0","14410","0","0","0","N","0","0","0","2","14410","0","","6.0","","1","N","N","N","0","","0","0","2","","0","","","2","0","1","0","0","0","0","2","0","2","03","03","","N","","","","","","","","","",""
"2024059925","2027","1","0","0","0","0","0","0","0","0","5","1","","14","5","2024","1","41.016078","-77.583879","2007","2","0","0","0","0","1","0","1","0","","0","1","0","","","2","N","0","","41 00:57.879","1","0","77 35:01.963","3","0","0","0","14214","0","0","0","N","0","0","0","3","68G07","0","","1.0","2145.0","1","N","N","N","0","","2","0","0","","0","Y","","2","2","0","0","0","0","0","1","0","2","03","","","N","","","","","","","","","",""
"2024052838","1126","1","0","0","0","0","0","0","0","0","98","0","","14","6","2024","1","40.750169","-78.122869","1106","2","0","0","0","0","0","0","0","0","","0","0","0","","","0","N","0","","40 45:00.609","","0","78 07:22.330","0","0","0","0","14222","0","0","0","N","0","0","0","3","68G07","0","","1.0","","1","N","N","N","0","","0","0","0","","0","","","1","0","1","0","0","0","0","1","0","1","04","","","N","","","","","","","","","",""
"2024058916","0943","0","0","0","0","0","0","0","0","0","98","0","","14","6","2024","1","40.798722","-78.005154","0943","2","0","1","0","0","0","0","0","0","","0","0","0","","","1","N","0","","40 47:55.400","1","0","78 00:18.555","3","0","0","0","14209","0","0","0","N","0","0","0","1","68G07","0","","1.0","1030.0","1","N","N","N","0","","1","0","1","","0","N","","1","1","0","0","0","0","0","1","0","1","03","","","N","","","","","","","","","",""
"2024044980","1748","1","0","0","0","0","0","0","0","0","7","0","","14","5","2024","4","40.831817","-77.881466","1741","2","0","0","0","0","0","0","0","0","","0","0","0","","","0","","2","","40 49:54.541","","0","77 52:53.277","0","0","0","0","14216","0","0","0","N","0","0","0","1","14216","0","","2.0","","9","N","N","N","0","","0","0","0","","3","","","1","0","0","0","0","0","0","2","0","1","04","07","","N","","","","","","","","","",""
"2024052653","0802","1","0","0","0","0","0","0","0","0","7","0","","14","6","2024","6","41.012233","-77.885752","0738","2","0","1","0","0","0","0","0","0","","0","0","0","","","0","N","0","","41 00:44.039","","0","77 53:08.708","0","0","0","0","14202","0","0","0","N","0","0","0","1","68G07","0","","5.0","","1","N","N","N","0","","0","0","0","","0","","","1","0","0","0","0","0","0","1","0","1","03","03","","N","","","","","","","","","",""
"2024060582","2024","1","0","0","0","0","0","0","0","0","98","0","","14","6","2024","7","40.811594","-78.078249","2015","2","0","0","0","1","0","0","0","0","","0","0","0","","","0","N","0","","40 48:41.737","","0","78 04:41.698","0","0","0","0","14225","0","0","0","N","0","0","0","1","68G07","0","","1.0","","1","N","N","N","0","","0","0","0","","0","","","1","0","0","0","0","0","0","1","0","1","03","","","N","","","","","","","","","",""
"2024047444","1400","0","0","0","0","0","0","0","0","0","7","0","","14","5","2024","7","40.904428","-78.206838","1359","2","0","0","0","0","0","0","1","0","","0","0","0","","","1","N","0","","40 54:15.942","4","0","78 12:24.616","2","0","0","0","14219","0","0","0","N","0","0","0","1","68G07","0","","4.0","1500.0","1","N","N","N","0","","0","1","1","","0","Y","","1","1","0","0","0","0","0","1","0","1","03","","","N","","","","","","","","","",""
"2024053648","1447","1","0","0","0","0","0","0","0","0","7","0","","14","5","2024","1","40.895775","-77.842394","1435","2","0","0","0","0","0","0","0","0","","0","0","0","","","1","N","0","","40 53:44.791","6","0","77 50:32.620","3","0","0","0","14201","0","0","0","N","0","0","0","1","68G07","0","","4.0","2300.0","1","N","N","N","0","","1","0","0","","0","Y","","1","1","0","0","0","0","0","1","0","1","03","","","N","","","","","","","","","",""
"2024045228","1332","0","0","0","0","0","0","0","0","0","4","0","","14","5","2024","5","40.834831","-77.801944","1332","2","0","0","0","0","0","1","1","0","","0","0","0","","","0","N","0","","40 50:05.391","","7","77 48:06.999","0","0","0","0","14204","0","0","0","N","0","0","0","3","14410","0","","1.0","","1","N","N","N","0","","0","0","2","","3","N","","2","0","0","0","0","0","0","2","0","2","03","","","N","","","","","","","","","",""
"2024051057","1050","1","0","0","0","0","0","0","0","0","7","0","","14","5","2024","4","40.839259","-78.222634","1021","2","0","0","0","0","0","1","0","0","","0","0","0","","","0","N","0","","40 50:21.333","","0","78 13:21.481","0","0","0","0","14219","0","0","0","N","0","0","0","1","68C03","0","","1.0","","1","N","N","N","0","","0","0","0","","0","","","1","0","0","0","0","0","0","1","0","1","03","03","","N","","","","","","","","","",""
"2024059544","1539","1","0","0","0","0","0","0","0","0","7","0","","14","6","2024","1","40.998411","-77.609626","1524","2","0","0","0","0","1","0","0","0","","0","0","0","","","1","N","0","","40 59:54.278","4","0","77 36:34.653","8","0","0","0","14214","0","0","0","Y","0","0","0","1","68G07","0","","4.0","1630.0","1","N","N","N","0","","0","0","0","","0","N","","1","1","0","0","0","1","0","1","0","1","03","","","N","","","","","","","","","",""
"2024060693","1532","1","0","0","0","0","0","0","0","0","5","1","","14","7","2024","6","40.805926","-77.864584","1528","2","0","0","0","0","0","2","0","0","","0","1","0","","","0","","1","","40 48:21.332","5","0","77 51:52.504","0","0","0","0","14410","0","0","0","N","0","0","0","2","14501","0","","1.0","1543.0","1","N","N","N","0","","0","0","0","","2","Y","","2","0","0","0","0","0","0","2","0","2","03","","","N","","","","","","","","","",""
"2024058926","0712","1","0","0","0","0","0","0","0","0","7","0","","14","7","2024","7","40.77306","-77.615451","0701","2","0","0","0","0","0","0","0","0","","0","0","0","","","1","N","0","","40 46:23.017","","0","77 36:55.625","3","0","0","0","14218","0","0","0","Y","0","0","0","1","68G07","0","","4.0","","1","N","N","N","0","","1","0","0","","0","","","1","1","0","0","0","0","0","1","0","1","03","03","","N","","","","","","","","","",""
"2024060178","0611","0","0","0","0","0","0","0","0","0","7","0","","14","7","2024","4","40.85182","-77.594015","0611","2","0","0","0","0","0","1","0","0","","0","0","0","","","0","N","0","","40 51:06.551","","0","77 35:38.453","0","0","0","0","14207","0","0","0","N","0","0","0","1","68G07","0","","4.0","","1","N","N","N","0","","0","0","1","","0","","","1","0","0","0","0","0","0","1","0","1","03","03","","N","","","","","","","","","",""
"2024059690","1919","1","0","0","0","0","0","0","0","0","4","0","","14","7","2024","3","40.785227","-77.834388","1915","2","0","1","0","0","0","0","0","0","","0","0","0","","","0","","1","","40 47:06.818","1","0","77 50:03.797","0","0","0","0","14410","0","0","0","N","0","0","0","2","14410","0","","1.0","1940.0","1","N","N","N","0","","0","0","1","","2","N","","2","0","0","0","0","0","0","2","0","2","03","03","","N","","","","","","","","","",""
"2024060163","1538","1","0","0","0","0","0","0","0","0","1","0","","14","7","2024","2","40.856573","-77.571048","1513","2","0","0","0","0","0","0","2","0","","0","0","0","","","0","","3","","40 51:23.661","","0","77 34:15.772","0","0","0","0","14207","0","0","0","N","0","0","0","2","68G07","0","","1.0","","1","N","N","N","0","","0","0","1","","0","","","2","0","0","0","0","0","0","1","0","2","03","","","N","","","","","","","","","",""
"2024043875","1310","1","0","0","0","0","0","0","0","0","8","0","","14","1","2024","1","40.797065","-77.855446","1305","2","0","0","0","0","0","0","0","0","","0","0","0","","","1","N","0","","40 47:49.434","","7","77 51:19.607","4","0","0","0","14410","1","0","0","N","1","0","0","2","14410","1","","6.0","","1","N","N","N","0","","0","0","0","","0","","","2","1","0","0","0","0","0","2","0","1","03","03","","N","","","","","","","","","",""
"2024060610","1802","0","0","0","0","0","0","0","0","0","4","0","","14","7","2024","4","40.883036","-77.780182","1759","2","0","0","0","0","0","1","0","0","","0","0","0","","","1","N","0","","40 52:58.928","","0","77 46:48.655","3","0","0","0","14201","0","0","0","N","0","0","0","2","68G07","0","","1.0","","1","N","N","N","1","","1","0","1","","0","","","2","1","1","0","0","0","0","2","0","2","03","03","","N","","","","","","","","","",""
"2024050085","1344","0","0","0","0","0","0","0","0","0","8","0","","14","6","2024","6","40.801278","-77.885722","1339","2","0","0","0","0","0","1","0","0","","0","0","0","","","1","","1","","40 48:04.600","2","0","77 53:08.600","2","0","0","0","14206","1","0","1","N","1","0","1","2","14206","0","","1.0","1458.0","1","N","N","N","0","","0","1","1","","2","Y","","2","1","0","0","0","0","0","2","0","1","03","","","N","","","","","","","","","",""
"2024062763","0957","0","0","0","0","0","0","0","0","0","7","0","","14","7","2024","5","40.955759","-77.776104","0946","2","0","0","0","0","0","0","1","0","","0","0","0","","","0","N","0","","40 57:20.734","","2","77 46:33.975","0","0","0","0","14202","0","0","0","Y","0","0","0","1","68G07","0","","4.0","","1","N","N","N","1","","0","0","0","","0","","","1","0","0","0","0","0","0","1","0","1","03","03","","N","","","","","","","","","",""
"2024059384","2352","0","0","0","0","0","0","0","0","0","98","0","","14","7","2024","7","40.822103","-77.94524","2339","2","0","0","0","0","0","0","0","0","","0","0","0","","","1","N","0","","40 49:19.571","1","3","77 56:42.864","3","0","0","0","14216","0","0","0","N","0","0","0","1","68G07","0","","2.0","53.0","1","N","N","N","1","","1","0","0","","0","N","","1","1","0","0","0","0","0","2","0","1","03","","","N","","","","","","","","","",""
"2024059190","0718","0","0","0","0","0","0","0","0","0","7","0","","14","7","2024","7","40.811516","-78.046075","0702","2","0","0","0","0","0","1","0","0","","0","0","0","","","0","N","0","","40 48:41.458","","0","78 02:45.869","0","0","0","0","14225","0","0","0","Y","0","0","0","1","68G07","0","","3.0","","1","N","N","N","0","","0","0","1","","0","","","1","0","0","0","0","0","0","1","0","1","03","03","","N","","","","","","","","","",""
"2024090502","0615","0","0","0","0","0","0","0","0","0","0","0","","14","10","2024","6","40.815644","-77.923418","0610","2","0","0","0","1","0","0","0","0","","0","0","0","","","0","N","0","","40 48:56.319","1","0","77 55:24.304","0","0","0","0","14216","0","0","0","N","0","0","0","1","68G07","0","","1.0","726.0","1","N","N","N","1","","0","0","0","","0","N","","1","0","0","0","0","0","0","1","0","1","03","","","N","","","","","","","","","",""
"2024078054","1313","0","0","0","0","0","0","0","0","0","7","0","","14","9","2024","2","40.815594","-77.832383","1309","2","0","0","0","0","0","0","0","1","","0","0","0","","","1","","7","","40 48:56.139","3","2","77 49:56.580","3","0","0","0","14204","0","0","0","Y","0","0","0","1","14410","0","","5.0","1355.0","1","N","N","N","0","","1","0","1","","0","N","","1","1","0","0","0","0","0","2","0","1","03","03","","N","","","","","","","","","",""
"2024090939","1745","2","0","0","0","0","0","0","0","0","4","0","","14","10","2024","3","40.911068","-77.777558","1736","2","0","0","0","0","0","0","0","0","","0","0","0","","","0","Y","0","","40 54:39.846","","7","77 46:39.207","0","0","0","0","14401","0","0","0","N","0","0","0","1","14401","0","","6.0","","1","N","N","N","0","","0","0","0","","2","","","2","0","0","0","0","0","0","2","0","2","03","","","N","","","","","","","","","",""
"2024090739","1146","1","0","0","0","0","0","0","0","0","1","0","","14","10","2024","3","40.812308","-77.923162","1144","2","0","0","0","0","0","1","1","0","","0","0","0","","","0","Y","0","","40 48:44.309","2","0","77 55:23.384","0","0","0","0","14216","0","0","0","N","0","0","0","2","14216","0","","1.0","1205.0","1","N","N","N","0","","0","0","1","","2","N","","2","0","0","0","0","0","0","2","0","2","04","","","N","","","","","","","","","",""
"2024076848","1734","0","0","0","0","0","0","0","0","0","4","0","","14","9","2024","4","40.811657","-77.829006","1731","2","0","0","0","0","0","0","1","0","","0","0","0","","","0","","1","","40 48:41.966","3","0","77 49:44.423","0","0","0","0","14204","0","0","0","N","0","0","0","2","14410","0","","1.0","1810.0","1","N","N","N","1","","0","0","1","","2","N","","2","0","0","0","0","0","0","2","0","2","03","03","","N","","","","","","","","","",""
"2024091353","1628","0","0","0","0","0","0","0","0","0","1","2","","14","10","2024","3","41.003353","-77.602308","1609","2","0","0","0","0","0","2","0","0","","0","2","0","","","4","N","0","","41 00:12.071","4","0","77 36:08.307","3","0","0","0","14214","0","0","0","N","0","0","0","7","68G07","0","","1.0","1817.0","9","N","N","N","0","","1","0","1","","0","N","","3","4","1","0","0","3","0","1","0","3","03","","","N","","","","","","","","","",""
"2024090534","1936","1","0","0","0","0","0","0","0","0","98","0","","14","10","2024","2","40.815629","-77.921474","1936","2","0","0","0","0","0","0","0","0","","0","0","0","","","1","N","0","","40 48:56.264","2","0","77 55:17.308","3","0","0","0","14216","0","0","0","N","0","0","0","1","14216","0","","1.0","1950.0","1","N","N","N","0","","1","0","0","","0","N","","1","1","0","0","0","0","0","1","0","1","03","03","","N","","","","","","","","","",""