"CRN","ARRIVAL_TM","AUTOMOBILE_COUNT","BELTED_DEATH_COUNT","BELTED_SUSP_SERIOUS_INJ_COUNT","BICYCLE_COUNT","BICYCLE_DEATH_COUNT","BICYCLE_SUSP_SERIOUS_INJ_COUNT","BUS_COUNT","CHLDPAS_DEATH_COUNT","CHLDPAS_SUSP_SERIOUS_INJ_COUNT","COLLISION_TYPE","COMM_VEH_COUNT","CONS_ZONE_SPD_LIM","COUNTY","CRASH_MONTH","CRASH_YEAR","DAY_OF_WEEK","DEC_LATITUDE","DEC_LONGITUDE","DISPATCH_TM","DISTRICT","DRIVER_COUNT_16YR","DRIVER_COUNT_17YR","DRIVER_COUNT_18YR","DRIVER_COUNT_19YR","DRIVER_COUNT_20YR","DRIVER_COUNT_50_64YR","DRIVER_COUNT_65_74YR","DRIVER_COUNT_75PLUS","EST_HRS_CLOSED","FATAL_COUNT","HEAVY_TRUCK_COUNT","HORSE_BUGGY_COUNT","HOUR_OF_DAY","ILLUMINATION","INJURY_COUNT","INTERSECTION_RELATED","INTERSECT_TYPE","LANE_CLOSED","LATITUDE","LN_CLOSE_DIR","LOCATION_TYPE","LONGITUDE","MAX_SEVERITY_LEVEL","MCYCLE_DEATH_COUNT","MCYCLE_SUSP_SERIOUS_INJ_COUNT","MOTORCYCLE_COUNT","MUNICIPALITY","NONMOTR_COUNT","NONMOTR_DEATH_COUNT","NONMOTR_SUSP_SERIOUS_INJ_COUNT","NTFY_HIWY_MAINT","PED_COUNT","PED_DEATH_COUNT","PED_SUSP_SERIOUS_INJ_COUNT","PERSON_COUNT","POLICE_AGCY","POSSIBLE_INJ_COUNT","RDWY_SURF_TYPE_CD","RELATION_TO_ROAD","ROADWAY_CLEARED","ROAD_CONDITION","SCH_BUS_IND","SCH_ZONE_IND","SECONDARY_CRASH","SMALL_TRUCK_COUNT","SPEC_JURIS_CD","SUSP_MINOR_INJ_COUNT","SUSP_SERIOUS_INJ_COUNT","SUV_COUNT","TCD_FUNC_CD","TCD_TYPE","TFC_DETOUR_IND","TIME_OF_DAY","TOTAL_UNITS","TOT_INJ_COUNT","UNBELTED_OCC_COUNT","UNB_DEATH_COUNT","UNB_SUSP_SERIOUS_INJ_COUNT","UNK_INJ_DEG_COUNT","UNK_INJ_PER_COUNT","URBAN_RURAL","VAN_COUNT","VEHICLE_COUNT","WEATHER1","WEATHER2","WORKERS_PRES","WORK_ZONE_IND","WORK_ZONE_LOC","WORK_ZONE_TYPE","WZ_CLOSE_DETOUR","WZ_FLAGGER","WZ_LAW_OFFCR_IND","WZ_LN_CLOSURE","WZ_MOVING","WZ_OTHER","WZ_SHLDER_MDN","WZ_WORKERS_INJ_KILLED"
"2024091678","1746","2","0","0","0","0","0","0","0","0","4","0","","14","10","2024","5","40.792774","-77.854927","1740","2","0","0","0","0","0","1","0","0","","0","0","0","","","1","","2","","40 47:33.986","","0","77 51:17.737","3","0","0","0","14410","0","0","0","N","0","0","0","4","14410","0","","1.0","","1","N","N","N","0","","1","0","0","","0","","","2","1","0","0","0","0","0","2","0","2","03","","","N","","","","","","","","","",""
"2024089850","1637","1","0","0","0","0","0","0","0","0","1","0","","14","10","2024","6","40.810639","-77.830703","1632","2","0","0","0","0","0","0","0","0","","0","0","0","","","0","","1","","40 48:38.300","","0","77 49:50.531","0","0","0","0","14204","0","0","0","N","0","0","0","3","14410","0","","1.0","","1","N","N","N","0","","0","0","1","","2","","","2","0","0","0","0","0","0","2","0","2","03","03","","N","","","","","","","","","",""
"2024090887","1439","1","0","0","1","0","0","0","0","0","8","0","","14","10","2024","6","40.893327","-77.78548","1436","2","0","0","0","0","0","0","0","0","","0","0","0","","","1","N","0","","40 53:35.978","","0","77 47:07.727","3","0","0","0","14201","1","0","0","N","0","0","0","2","68G07","0","","2.0","","1","N","N","N","0","","1","0","0","","0","","","2","1","0","0","0","0","0","2","0","1","03","03","","N","","","","","","","","","",""
"2024077438","2112","2","0","0","0","0","0","0","0","0","4","0","","14","9","2024","6","40.792394","-77.855258","2110","2","0","0","0","0","0","0","0","0","","0","0","0","","","0","","1","","40 47:32.617","","0","77 51:18.928","0","0","0","0","14410","0","0","0","N","0","0","0","2","14410","0","","1.0","","1","N","N","N","0","","0","0","0","","3","","","2","0","0","0","0","0","0","2","0","2","03","03","","N","","","","","","","","","",""
"2024090533","1729","0","0","0","0","0","0","0","0","0","4","0","","14","10","2024","2","40.792306","-77.899694","1724","2","0","0","0","0","0","0","0","0","","0","0","0","","","1","","2","","40 47:32.300","4","0","77 53:58.900","3","0","0","0","14206","0","0","0","N","0","0","0","2","14206","0","","1.0","1824.0","1","N","N","N","0","","1","0","1","","3","N","","2","1","0","0","0","0","0","2","0","2","03","","","N","","","","","","","","","",""
"2024091231","1348","1","0","0","0","0","0","0","0","0","4","0","","14","10","2024","4","40.806144","-77.888975","1348","2","0","0","0","0","0","0","0","0","","0","0","0","","","1","N","0","","40 48:22.118","2","7","77 53:20.310","3","0","0","0","14206","0","0","0","N","0","0","0","2","14206","0","","1.0","1434.0","1","N","N","N","0","","1","0","1","","0","N","","2","1","0","0","0","0","0","2","0","2","04","","","N","","","","","","","","","",""
"2024089851","0852","0","0","0","0","0","0","0","0","0","1","0","","14","10","2024","6","40.787444","-77.864194","0850","2","0","0","0","0","0","0","0","0","","0","0","0","","","0","N","0","","40 47:14.800","5","0","77 51:51.100","0","0","0","0","14410","0","0","0","N","0","0","0","1","14410","0","","2.0","936.0","1","N","N","N","0","","0","0","2","","0","N","","2","0","0","0","0","0","0","2","0","2","03","03","","N","","","","","","","","","",""
"2024091027","0335","1","0","0","0","0","0","0","0","0","98","0","","14","10","2024","4","40.7695","-77.913111","0328","2","0","0","0","0","0","0","0","0","","0","0","0","","","0","N","0","","40 46:10.200","4","0","77 54:47.200","0","0","0","0","14206","0","0","0","N","0","0","0","1","14206","0","","1.0","441.0","1","N","N","N","0","","0","0","0","","0","N","","1","0","0","0","0","0","0","2","0","1","03","03","","N","","","","","","","","","",""
"2024089997","1728","0","0","0","0","0","0","0","0","0","4","0","","14","10","2024","6","40.939611","-77.461148","1713","2","0","0","0","0","0","0","1","0","","0","0","0","","","1","N","0","","40 56:22.598","6","0","77 27:40.132","2","0","0","0","14215","0","0","0","N","0","0","0","3","68G07","0","","1.0","1830.0","1","N","N","N","1","","0","1","0","","0","Y","","2","1","1","0","1","0","0","1","0","2","03","03","","N","","","","","","","","","",""
"2024078214","2125","0","0","0","0","0","0","0","0","0","8","0","","14","9","2024","1","40.80175","-77.886944","2124","2","0","0","0","0","0","0","0","0","","0","0","0","","","1","","1","","40 48:06.300","1","0","77 53:13.000","3","0","0","0","14206","1","0","0","N","1","0","0","2","14206","0","","1.0","2150.0","1","N","N","N","0","","1","0","1","","3","Y","","2","1","0","0","0","0","0","2","0","1","03","","","N","","","","","","","","","",""
"2024091276","1952","1","0","0","0","0","0","0","0","0","7","0","","14","9","2024","7","40.968931","-77.820147","1940","2","0","0","0","0","0","0","0","0","","0","0","0","","","2","N","0","","40 58:08.150","4","0","77 49:12.530","3","0","0","0","14202","0","0","0","N","0","0","0","2","68G07","1","","4.0","100.0","9","N","N","N","0","","1","0","0","","0","N","","1","2","1","0","0","0","0","1","0","1","07","","","N","","","","","","","","","",""
"2024090945","2049","1","0","0","0","0","0","0","0","0","2","0","","14","10","2024","3","40.785339","-77.837116","2047","2","0","0","0","0","0","0","0","0","","0","0","0","","","2","","1","","40 47:07.219","","0","77 50:13.618","3","0","0","0","14410","0","0","0","N","0","0","0","2","14410","0","","1.0","","1","N","N","N","0","","2","0","1","","2","","","2","2","0","0","0","0","0","2","0","2","03","03","","N","","","","","","","","","",""
"2024090753","1244","0","0","0","0","0","0","0","0","0","0","0","","14","10","2024","3","40.866276","-77.888012","1233","2","0","0","0","0","0","0","0","1","","0","0","0","","","1","","2","","40 51:58.593","","0","77 53:16.844","3","0","0","1","14216","0","0","0","N","0","0","0","1","14216","0","","4.0","","1","N","N","N","0","","1","0","0","","0","","","1","1","0","0","0","0","0","1","0","1","03","","","N","","","","","","","","","",""
"2024089800","0708","1","0","0","0","0","0","0","0","0","7","0","","14","10","2024","5","41.064219","-78.030287","0639","2","0","0","0","1","0","0","0","0","","0","0","0","","","0","N","0","","41 03:51.187","","0","78 01:49.034","0","0","0","0","14203","0","0","0","N","0","0","0","1","68G07","0","","4.0","","9","N","N","N","0","","0","0","0","","0","","","1","0","0","0","0","0","0","1","0","1","05","","","N","","","","","","","","","",""
"2024090501","0541","0","0","0","0","0","0","0","0","0","7","0","","14","10","2024","6","40.906881","-77.68436","0530","2","0","0","0","0","0","0","0","0","","0","0","0","","","0","N","0","","40 54:24.773","4","0","77 41:03.695","0","0","0","0","14224","0","0","0","Y","0","0","0","1","68G07","0","","4.0","600.0","1","N","N","N","0","","0","0","1","","0","N","","1","0","1","0","0","0","0","1","0","1","03","","","N","","","","","","","","","",""
"2024091375","0530","0","0","0","0","0","0","0","0","0","98","0","","14","10","2024","4","40.826496","-77.872219","0512","2","0","0","0","0","0","0","0","0","","0","0","0","","","0","N","0","","40 49:35.386","2","0","77 52:19.987","0","0","0","0","14216","0","0","0","N","0","0","0","1","14216","0","","1.0","635.0","1","N","N","Y","0","","0","0","1","","0","N","","1","0","0","0","0","0","0","2","0","1","03","","","N","","","","","","","","","",""
"2024041258","2310","0","0","0","0","0","0","0","0","0","7","0","","14","5","2024","5","40.795885","-77.631473","2253","2","0","0","0","0","1","0","0","0","","0","0","0","","","0","N","0","","40 47:45.186","","2","77 37:53.302","0","0","0","0","14218","0","0","0","N","0","0","0","1","68G07","0","","5.0","","9","N","N","N","0","","0","0","1","","0","","","1","0","0","0","0","0","0","1","0","1","07","","","N","","","","","","","","","",""
"2024038985","1519","0","0","0","0","0","0","0","0","0","4","1","","14","5","2024","5","40.956402","-77.768027","1508","2","0","0","0","0","0","2","0","0","","0","1","0","","","0","","2","","40 57:23.046","1","2","77 46:04.898","0","0","0","0","14202","0","0","0","N","0","0","0","3","68G07","0","","1.0","1610.0","1","N","N","N","1","","0","0","0","","3","Y","","2","0","0","0","0","0","0","1","0","2","03","","","N","","","","","","","","","",""
"2024040014","2045","1","0","0","0","0","0","0","0","0","4","0","","14","5","2024","1","40.896408","-78.220695","2042","2","0","0","0","0","0","0","0","0","","0","0","0","","","0","","1","","40 53:47.070","","0","78 13:14.502","0","0","0","0","14406","0","0","0","N","0","0","0","3","68G07","0","","1.0","","1","N","N","N","0","","0","0","1","","2","","","2","0","0","0","0","0","0","2","0","2","03","03","","N","","","","","","","","","",""
"2024029345","1102","0","0","0","0","0","0","0","0","0","4","0","","14","4","2024","5","40.803116","-77.883085","1038","2","1","0","0","0","0","0","0","0","","0","0","0","","","0","N","0","","40 48:11.218","2","7","77 52:59.106","0","0","0","0","14206","0","0","0","N","0","0","0","3","14206","0","","1.0","45.0","1","N","N","N","0","","0","0","2","","0","N","","2","0","1","0","0","0","0","2","0","2","03","","","N","","","","","","","","","",""
"2024033675","1214","1","0","0","0","0","0","0","0","0","0","0","","14","4","2024","3","41.046047","-77.637294","1157","2","0","0","1","0","0","0","0","0","","0","0","0","","","1","N","0","","41 02:45.769","","0","77 38:14.259","3","0","0","0","14213","0","0","0","N","0","0","0","1","68G07","0","","4.0","","1","N","N","N","0","","1","0","0","","0","","","1","1","0","0","0","0","0","1","0","1","03","03","","N","","","","","","","","","",""
"2024090206","1812","1","0","0","0","0","0","0","0","0","7","0","","14","10","2024","7","40.825058","-77.85784","1800","2","0","0","0","0","0","0","0","0","","0","0","0","","","0","N","0","","40 49:30.209","","0","77 51:28.224","0","0","0","0","14204","0","0","0","Y","0","0","0","1","68G07","0","","4.0","","1","N","N","N","0","","0","0","0","","0","","","1","0","0","0","0","0","0","1","0","1","03","","","N","","","","","","","","","",""
"2024030620","0853","0","0","0","0","0","0","0","0","0","7","0","","14","4","2024","3","40.794476","-77.833635","0853","2","0","0","0","0","0","0","0","0","","0","0","0","","","1","","2","","40 47:40.112","7","0","77 50:01.086","3","0","0","0","14204","0","0","0","N","0","0","0","2","14410","0","","2.0","1150.0","1","","","N","0","","1","0","1","","0","Y","","2","1","0","0","0","0","0","2","1","2","03","","","N","","","","","","","","","",""
"2024028228","0034","0","0","0","0","0","0","0","0","0","1","0","","14","4","2024","2","40.801735","-77.850407","0028","2","0","1","0","0","0","1","0","0","","0","0","0","","","1","N","7","","40 48:06.245","","0","77 51:01.466","3","0","0","0","14410","0","0","0","N","0","0","0","3","14410","0","","1.0","","1","N","N","N","0","","1","0","2","","1","","","2","1","0","0","0","0","0","2","0","2","03","","","N","","","","","","","","","",""
"2024035312","2040","1","0","0","0","0","0","0","0","0","1","0","","14","4","2024","1","40.911323","-77.774738","2039","2","0","0","0","0","0","1","0","0","","0","0","0","","","0","N","0","","40 54:40.764","6","0","77 46:29.057","0","0","0","0","14401","0","0","0","N","0","0","0","2","14401","0","","1.0","2050.0","9","N","N","N","0","","0","0","1","","0","N","","2","0","0","0","0","0","0","2","0","2","03","03","","N","","","","","","","","","",""
"2024031190","2052","1","0","0","0","0","0","0","0","0","8","0","","14","4","2024","4","40.796311","-77.85648","2051","2","0","0","0","0","0","0","0","1","","0","0","0","","","1","N","0","","40 47:46.720","","0","77 51:23.327","3","0","0","0","14410","1","0","0","N","1","0","0","2","14410","0","","1.0","","9","N","N","N","0","","1","0","0","","0","","","2","1","0","0","0","0","1","2","0","1","07","","","N","","","","","","","","","",""
"2024028553","0642","1","0","0","0","0","0","0","0","0","4","0","","14","4","2024","3","40.792694","-77.863951","0641","2","0","0","0","0","0","1","0","0","","0","0","0","","","1","","1","","40 47:33.698","4","0","77 51:50.224","4","0","0","0","14410","0","0","0","N","0","0","0","2","14410","1","","1.0","720.0","9","N","N","Y","1","","0","0","0","","2","N","","2","1","0","0","0","0","0","2","0","2","07","04","","N","","","","","","","","","",""
"2024030625","0820","0","0","0","0","0","0","0","0","0","1","1","","14","4","2024","3","40.809076","-77.833696","0817","2","0","0","0","0","0","1","0","0","","0","1","0","","","0","","2","","40 48:32.675","","0","77 50:01.305","0","0","0","0","14204","0","0","0","N","0","0","0","2","14410","0","","1.0","","1","N","N","N","0","","0","0","1","","2","","","2","0","0","0","0","0","0","2","0","2","03","98","","N","","","","","","","","","",""
"2024034001","1450","1","0","0","0","0","0","0","0","0","4","0","","14","4","2024","4","40.828409","-77.962583","1448","2","0","0","0","0","0","2","0","0","","0","0","0","","","0","","1","","40 49:42.274","1","0","77 57:45.300","0","0","0","0","14216","0","0","0","N","0","0","0","2","14216","0","","1.0","1530.0","1","N","N","N","0","","0","0","1","","3","N","","2","0","0","0","0","0","0","2","0","2","03","","","N","","","","","","","","","",""
"2024037055","0045","0","0","0","0","0","0","0","0","0","7","0","","14","4","2024","1","40.792485","-77.866708","0039","2","0","0","0","0","0","0","0","0","","0","0","0","","","0","N","0","","40 47:32.947","1","0","77 52:00.147","0","0","0","0","14410","0","0","0","N","0","0","0","2","14410","0","","3.0","125.0","1","N","N","N","0","","0","0","1","","0","N","","1","0","0","0","0","0","0","2","0","1","03","03","","N","","","","","","","","","",""
"2024029853","2126","1","0","0","0","0","0","0","0","0","7","0","","14","4","2024","4","40.803008","-78.061547","2105","2","0","0","0","0","0","0","1","0","","0","0","0","","","0","N","0","","40 48:10.829","2","0","78 03:41.568","0","0","0","0","14225","0","0","0","Y","0","0","0","1","68G07","0","","1.0","2230.0","9","N","N","N","0","","0","0","0","","0","Y","","1","0","0","0","0","0","0","1","0","1","03","","","N","","","","","","","","","",""
"2024039225","0757","0","0","0","0","0","0","0","0","0","7","0","","14","4","2024","2","41.029033","-77.661958","0749","2","0","0","0","0","0","0","0","0","","0","0","0","","","1","N","0","","41 01:44.520","2","0","77 39:43.047","3","0","0","0","14211","0","0","0","Y","0","0","0","1","68G07","0","","4.0","825.0","9","N","N","N","0","","1","0","1","","0","N","","1","1","1","0","0","0","0","1","0","1","05","","","N","","","","","","","","","",""
"2024039965","2336","2","0","2","0","0","0","0","0","0","2","0","","14","4","2024","6","40.798304","-78.066443","2327","2","0","0","0","0","0","1","0","0","","1","0","0","","","2","N","0","","40 47:53.895","1","0","78 03:59.195","1","0","0","0","14225","0","0","0","N","0","0","0","3","68G07","0","1","1.0","215.0","1","N","N","N","0","0","0","2","0","","0","Y","","2","2","1","1","0","0","0","1","0","2","03","","","N","","","","","","","","","",""
"2024039982","0948","0","0","0","0","0","0","0","0","0","7","0","","14","5","2024","5","40.889551","-78.032067","0927","2","0","0","1","0","0","0","0","0","","0","0","0","","","1","N","0","","40 53:22.382","2","0","78 01:55.442","2","0","0","0","14219","0","0","0","N","0","0","0","1","68G07","0","","5.0","1205.0","1","N","N","N","1","","0","1","0","","0","N","","1","1","1","0","1","0","0","1","0","1","03","03","","N","","","","","","","","","",""
"2024029669","1239","1","0","0","0","0","0","0","0","0","8","0","","14","4","2024","6","40.794806","-77.858528","1239","2","0","0","0","0","0","0","0","0","","0","0","0","","","1","","2","","40 47:41.300","","0","77 51:30.700","3","0","0","0","14410","1","0","0","N","1","0","0","2","14410","0","","1.0","","1","N","N","N","0","","1","0","0","","3","","","2","1","0","0","0","0","0","2","0","1","04","","","N","","","","","","","","","",""
"2024039527","2117","0","0","0","0","0","0","0","0","0","7","0","","14","5","2024","6","40.878428","-77.890575","2108","2","0","0","0","0","0","0","0","1","","0","0","0","","","1","N","0","","40 52:42.340","5","0","77 53:26.070","3","0","0","0","14201","0","0","0","N","0","0","0","4","68G07","0","","4.0","2210.0","1","N","N","N","0","","1","0","1","","0","N","","1","1","0","0","0","0","0","1","0","1","03","03","","N","","","","","","","","","",""
"2024039968","1742","0","0","0","0","0","0","0","0","0","7","0","","14","4","2024","2","40.758121","-78.226103","1729","2","0","0","0","0","0","0","0","0","","0","0","0","","","1","N","0","","40 45:29.234","3","0","78 13:33.969","3","0","0","0","14222","0","0","0","N","0","0","0","1","68G07","0","","4.0","1815.0","1","N","N","N","0","","1","0","1","","0","N","","1","1","0","0","0","0","0","1","0","1","03","03","","N","","","","","","","","","",""
"2024042333","1203","0","0","0","0","0","0","0","0","2","2","0","","14","5","2024","7","41.022114","-77.669799","1152","2","0","0","0","1","0","0","0","0","","0","0","0","","","4","","1","","41 01:19.610","5","0","77 40:11.278","2","0","0","0","14211","0","0","0","N","0","0","0","4","68G07","0","","1.0","1300.0","9","N","N","N","1","","1","3","1","","0","Y","","2","4","1","0","1","0","0","1","0","2","07","","","N","","","","","","","","","",""
"2024032223","2212","2","0","0","0","0","0","0","0","0","4","0","","14","4","2024","5","40.801405","-77.880181","2205","2","0","0","0","0","0","0","0","0","","0","0","0","","","1","N","0","","40 48:05.058","5","7","77 52:48.651","3","0","0","0","14206","0","0","0","N","0","0","0","3","14206","0","","1.0","2307.0","9","N","N","N","0","","1","0","0","","0","N","","2","1","0","0","0","0","0","2","0","2","07","98","","N","","","","","","","","","",""
"2024035585","0315","0","0","0","0","0","0","0","0","0","7","0","","14","4","2024","7","41.075811","-77.906628","0304","2","0","0","0","0","0","0","0","0","","0","0","0","","","0","","2","","41 04:32.920","","0","77 54:23.860","0","0","0","0","14220","0","0","0","N","0","0","0","1","68G07","0","","5.0","","3","N","N","N","0","","0","0","1","","0","","","1","0","0","0","0","0","0","1","0","1","03","","","N","","","","","","","","","",""
"2024035229","0840","0","0","0","0","0","0","0","0","0","0","0","","14","4","2024","2","40.827167","-77.809389","0835","2","0","0","0","0","0","1","0","0","","0","0","0","","","1","","2","","40 49:37.800","","0","77 48:33.800","3","0","0","1","14204","0","0","0","N","0","0","0","1","14410","0","","1.0","","1","N","N","N","0","","1","0","0","","3","","","1","1","0","0","0","0","0","2","0","1","03","98","","N","","","","","","","","","",""
"2024036309","1102","0","0","0","0","0","0","0","0","0","7","0","","14","4","2024","4","40.808139","-77.926444","1100","2","0","0","0","0","0","0","1","0","","0","0","0","","","1","N","0","","40 48:29.300","5","0","77 55:35.200","8","0","0","0","14216","0","0","0","N","0","0","0","1","14216","0","","5.0","1145.0","9","N","N","N","0","","0","0","1","","0","Y","","1","1","0","0","0","1","0","2","0","1","04","","","N","","","","","","","","","",""
"2024042335","1051","1","0","0","0","0","0","0","0","0","7","0","","14","5","2024","1","40.938603","-77.879257","1027","2","0","1","0","0","0","0","0","0","","0","0","0","","","1","N","0","","40 56:18.971","5","0","77 52:45.325","3","0","0","0","14223","0","0","0","N","0","0","0","1","68G07","0","","5.0","1145.0","9","N","N","N","0","","1","0","0","","0","Y","","1","1","0","0","0","0","0","1","0","1","07","03","","N","","","","","","","","","",""
"2024035375","1731","1","0","0","0","0","0","0","0","0","1","0","","14","4","2024","7","40.820498","-77.848121","1724","2","0","0","0","0","0","1","0","0","","0","0","0","","","0","","1","","40 49:13.791","4","0","77 50:53.236","0","0","0","0","14204","0","0","0","N","0","0","0","7","68G07","0","","1.0","100.0","1","N","N","N","0","","0","0","1","","2","N","","3","0","0","0","0","0","0","2","0","3","03","03","","N","","","","","","","","","",""
"2024042575","2247","0","0","0","0","0","0","0","0","0","7","0","","14","5","2024","5","40.826509","-77.843766","2245","2","0","0","0","0","0","0","0","0","","0","0","0","","","0","N","0","","40 49:35.431","2","3","77 50:37.558","0","0","0","0","14204","0","0","0","N","0","0","0","1","68G07","0","","2.0","2350.0","1","N","N","N","1","","0","0","0","","0","Y","","1","0","0","0","0","0","0","1","0","1","03","03","","N","","","","","","","","","",""
"2024035145","1842","0","0","0","0","0","0","0","0","0","1","0","","14","4","2024","1","40.814718","-77.856225","1837","2","0","0","0","1","0","1","0","0","","0","0","0","","","1","","1","","40 48:52.983","","0","77 51:22.409","4","0","0","0","14204","0","0","0","N","0","0","0","3","14410","1","","1.0","","1","N","N","N","0","","0","0","2","","2","","","2","1","0","0","0","0","0","2","0","2","03","03","","N","","","","","","","","","",""
"2024039233","1054","0","0","0","0","0","0","0","0","0","7","0","","14","4","2024","4","40.84634","-77.703381","1054","2","0","0","0","0","0","0","0","0","","0","0","0","","","0","N","0","","40 50:46.825","2","0","77 42:12.170","0","0","0","0","14218","0","0","0","N","0","0","0","1","68G07","0","","5.0","100.0","9","N","N","N","0","","0","0","1","","0","N","","1","0","0","0","0","0","0","1","0","1","07","","","N","","","","","","","","","",""
"2024042339","0628","0","0","0","0","0","0","0","0","0","98","0","","14","5","2024","4","40.906667","-77.303261","0555","2","0","0","0","0","0","1","0","0","","0","0","0","","","0","N","0","","40 54:24.002","","0","77 18:11.739","0","0","0","0","14208","0","0","0","N","0","0","0","1","68G07","0","","1.0","","9","N","N","N","1","","0","0","0","","0","","","1","0","0","0","0","0","0","1","0","1","04","","","N","","","","","","","","","",""
"2024046715","2141","1","0","0","0","0","0","0","0","0","7","0","","14","5","2024","2","40.832491","-77.837416","2136","2","0","0","0","0","0","1","0","0","","0","0","0","","","0","N","0","","40 49:56.968","","0","77 50:14.698","0","0","0","0","14204","0","0","0","Y","0","0","0","1","68G07","0","","4.0","","1","N","N","N","0","","0","0","0","","0","","","1","0","0","0","0","0","0","1","0","1","03","","","N","","","","","","","","","",""
"2024034550","0810","0","0","0","0","0","0","0","0","0","7","0","","14","4","2024","6","40.809917","-77.862333","0803","2","0","0","0","0","0","0","0","0","","0","0","0","","","0","N","0","","40 48:35.700","","0","77 51:44.400","0","0","0","0","14204","0","0","0","N","0","0","0","1","14410","0","","2.0","","1","N","N","N","0","","0","0","1","","0","","","1","0","0","0","0","0","0","2","0","1","04","","","N","","","","","","","","","",""
"2024032262","0653","1","0","0","0","0","0","0","0","0","5","0","","14","4","2024","6","40.78499","-77.873807","0651","2","0","0","0","0","0","0","1","0","","0","0","0","","","1","N","0","","40 47:05.964","4","7","77 52:25.705","3","0","0","0","14206","0","0","0","N","0","0","0","2","14206","0","","1.0","720.0","9","N","N","Y","1","","1","0","0","","0","N","","2","1","0","0","0","0","0","2","0","2","07","","","N","","","","","","","","","",""
"2024047220","1327","1","0","0","0","0","0","0","0","0","7","0","","14","4","2024","7","40.951708","-78.152356","1259","2","0","0","0","0","0","0","0","0","","0","0","0","","","3","N","0","","40 57:06.150","6","0","78 09:08.480","2","0","0","0","14219","0","0","0","N","0","0","0","3","68G07","0","","4.0","1537.0","1","N","N","N","0","","0","3","0","","0","N","","1","3","0","0","0","0","0","1","0","1","03","03","","N","","","","","","","","","",""
"2024036937","1315","1","0","0","0","0","0","0","0","0","7","0","","14","4","2024","7","40.786689","-77.834123","1312","2","0","0","0","0","0","0","0","0","","0","0","0","","","0","N","0","","40 47:12.080","6","0","77 50:02.842","0","0","0","0","14204","0","0","0","N","0","0","0","1","14410","0","","5.0","1400.0","9","N","N","N","0","","0","0","0","","0","Y","","1","0","0","0","0","0","0","2","0","1","07","07","","N","","","","","","","","","",""
"2024034732","1248","1","0","0","0","0","0","0","0","0","7","0","","14","4","2024","6","40.808896","-77.898055","1243","2","0","0","0","0","0","0","1","0","","0","0","0","","","1","N","0","","40 48:32.026","","7","77 53:52.997","8","0","0","0","14216","0","0","0","N","0","0","0","1","14216","0","","9.0","","1","N","N","N","0","","0","0","0","","0","","","1","1","0","0","0","1","0","2","0","1","04","","","N","","","","","","","","","",""
"2024032947","1613","2","0","0","0","0","0","0","0","0","4","0","","14","4","2024","6","40.810242","-77.914209","1612","2","0","0","0","0","0","0","0","0","","0","0","0","","","0","","1","","40 48:36.871","3","0","77 54:51.154","0","0","0","0","14216","0","0","0","N","0","0","0","2","14216","0","","1.0","1655.0","1","N","N","N","0","","0","0","0","","2","N","","2","0","0","0","0","0","0","2","0","2","03","03","","N","","","","","","","","","",""
"2024030395","0823","0","0","0","0","0","0","0","0","0","1","0","","14","4","2024","6","40.839195","-77.995802","0811","2","0","0","0","0","0","0","1","1","","0","0","0","","","2","","2","","40 50:21.102","1","0","77 59:44.887","3","0","0","0","14212","0","0","0","N","0","0","0","4","68G07","0","","1.0","915.0","9","N","N","N","1","","2","0","2","","0","N","","3","2","0","0","0","0","0","1","0","3","07","10","","N","","","","","","","","","",""
"2024029609","0915","0","0","0","0","0","0","0","0","0","1","0","","14","4","2024","6","40.773566","-77.887279","0913","2","0","0","0","0","0","0","0","0","","0","0","0","","","1","","1","","40 46:24.836","4","0","77 53:14.203","3","0","0","0","14206","0","0","0","N","0","0","0","3","14206","0","","1.0","945.0","9","N","N","N","1","","1","0","1","","2","N","","2","1","0","0","0","0","0","2","0","2","10","","","N","","","","","","","","","",""
"2024046711","0654","1","0","0","0","0","0","0","0","0","7","0","","14","5","2024","2","40.883334","-78.17988","0654","2","0","0","0","0","0","0","0","0","","0","0","0","","","1","N","0","","40 53:00.001","","0","78 10:47.569","3","0","0","0","14219","0","0","0","N","0","0","0","1","68G07","0","","4.0","","1","N","N","N","0","","1","0","0","","0","","","1","1","0","0","0","0","0","1","0","1","03","","","N","","","","","","","","","",""
"2024036637","0817","0","0","0","0","0","0","0","0","0","1","0","","14","4","2024","6","40.776597","-77.787441","0811","2","0","0","0","0","0","1","0","0","","0","0","0","","","1","N","0","","40 46:35.748","","0","77 47:14.788","4","0","0","0","14210","0","0","0","N","0","0","0","3","14410","1","","1.0","","1","N","N","Y","0","","0","0","3","","2","","","3","1","0","0","0","0","0","2","0","3","03","03","","N","","","","","","","","","",""
"2024038376","1725","1","0","0","0","0","0","0","0","0","2","0","","14","4","2024","1","40.936211","-78.162475","1659","2","0","0","1","0","0","0","0","0","","0","0","0","","","1","N","0","","40 56:10.360","","0","78 09:44.910","3","0","0","1","14219","0","0","0","N","0","0","0","2","68G07","0","","1.0","","3","N","N","N","0","","1","0","0","","0","","","2","1","0","0","0","0","0","1","0","2","03","","","N","","","","","","","","","",""