"CRN","ARRIVAL_TM","AUTOMOBILE_COUNT","BELTED_DEATH_COUNT","BELTED_SUSP_SERIOUS_INJ_COUNT","BICYCLE_COUNT","BICYCLE_DEATH_COUNT","BICYCLE_SUSP_SERIOUS_INJ_COUNT","BUS_COUNT","CHLDPAS_DEATH_COUNT","CHLDPAS_SUSP_SERIOUS_INJ_COUNT","COLLISION_TYPE","COMM_VEH_COUNT","CONS_ZONE_SPD_LIM","COUNTY","CRASH_MONTH","CRASH_YEAR","DAY_OF_WEEK","DEC_LATITUDE","DEC_LONGITUDE","DISPATCH_TM","DISTRICT","DRIVER_COUNT_16YR","DRIVER_COUNT_17YR","DRIVER_COUNT_18YR","DRIVER_COUNT_19YR","DRIVER_COUNT_20YR","DRIVER_COUNT_50_64YR","DRIVER_COUNT_65_74YR","DRIVER_COUNT_75PLUS","EST_HRS_CLOSED","FATAL_COUNT","HEAVY_TRUCK_COUNT","HORSE_BUGGY_COUNT","HOUR_OF_DAY","ILLUMINATION","INJURY_COUNT","INTERSECTION_RELATED","INTERSECT_TYPE","LANE_CLOSED","LATITUDE","LN_CLOSE_DIR","LOCATION_TYPE","LONGITUDE","MAX_SEVERITY_LEVEL","MCYCLE_DEATH_COUNT","MCYCLE_SUSP_SERIOUS_INJ_COUNT","MOTORCYCLE_COUNT","MUNICIPALITY","NONMOTR_COUNT","NONMOTR_DEATH_COUNT","NONMOTR_SUSP_SERIOUS_INJ_COUNT","NTFY_HIWY_MAINT","PED_COUNT","PED_DEATH_COUNT","PED_SUSP_SERIOUS_INJ_COUNT","PERSON_COUNT","POLICE_AGCY","POSSIBLE_INJ_COUNT","RDWY_SURF_TYPE_CD","RELATION_TO_ROAD","ROADWAY_CLEARED","ROAD_CONDITION","SCH_BUS_IND","SCH_ZONE_IND","SECONDARY_CRASH","SMALL_TRUCK_COUNT","SPEC_JURIS_CD","SUSP_MINOR_INJ_COUNT","SUSP_SERIOUS_INJ_COUNT","SUV_COUNT","TCD_FUNC_CD","TCD_TYPE","TFC_DETOUR_IND","TIME_OF_DAY","TOTAL_UNITS","TOT_INJ_COUNT","UNBELTED_OCC_COUNT","UNB_DEATH_COUNT","UNB_SUSP_SERIOUS_INJ_COUNT","UNK_INJ_DEG_COUNT","UNK_INJ_PER_COUNT","URBAN_RURAL","VAN_COUNT","VEHICLE_COUNT","WEATHER1","WEATHER2","WORKERS_PRES","WORK_ZONE_IND","WORK_ZONE_LOC","WORK_ZONE_TYPE","WZ_CLOSE_DETOUR","WZ_FLAGGER","WZ_LAW_OFFCR_IND","WZ_LN_CLOSURE","WZ_MOVING","WZ_OTHER","WZ_SHLDER_MDN","WZ_WORKERS_INJ_KILLED"
"2024083579","1944","2","0","0","0","0","0","0","0","0","4","0","","14","9","2024","4","40.817955","-77.900347","1941","2","0","0","0","0","0","0","0","0","","0","0","0","","","0","","1","","40 49:04.638","2","2","77 54:01.248","0","0","0","0","14216","0","0","0","N","0","0","0","2","14216","0","","1.0","2017.0","1","N","N","N","0","","0","0","0","","2","Y","","2","0","0","0","0","0","0","2","0","2","03","03","","N","","","","","","","","","",""
"2024081553","1217","1","0","0","0","0","0","0","0","0","8","0","","14","9","2024","6","40.79798","-77.854229","1211","2","0","0","0","0","0","1","0","0","","0","0","0","","","1","N","0","","40 47:52.727","","7","77 51:15.223","3","0","0","0","14410","1","0","0","N","1","0","0","2","14410","0","","4.0","","1","N","N","N","0","","1","0","0","","0","","","2","1","1","0","0","0","0","2","0","1","03","","","N","","","","","","","","","",""
"2024085470","0550","0","0","0","0","0","0","0","0","0","7","0","","14","9","2024","7","40.745374","-78.129174","0531","2","0","0","0","0","0","0","0","0","","0","0","0","","","1","N","0","","40 44:43.347","3","0","78 07:45.025","2","0","0","0","14222","0","0","0","N","0","0","0","1","68G07","0","","4.0","756.0","1","N","N","N","0","","0","1","0","","0","N","","1","1","0","0","0","0","0","1","0","1","03","","","N","","","","","","","","","",""
"2024076038","1147","2","0","0","0","0","0","0","0","0","4","0","","14","9","2024","2","40.877208","-77.729346","1142","2","0","0","0","0","0","1","0","0","","0","0","0","","","2","N","0","","40 52:37.948","6","7","77 43:45.645","3","0","0","0","14221","0","0","0","N","0","0","0","4","14221","0","","1.0","1219.0","1","N","N","N","0","","2","0","0","","0","N","","2","2","0","0","0","0","0","1","0","2","03","","","N","","","","","","","","","",""
"2024080144","1530","3","0","0","0","0","0","0","0","0","1","0","","14","9","2024","2","40.822291","-77.814147","1523","2","0","1","0","0","0","1","2","0","","0","0","0","","","1","","2","","40 49:20.248","4","0","77 48:50.929","3","0","0","0","14204","0","0","0","N","0","0","0","6","14410","0","","1.0","1410.0","1","N","N","N","0","","1","0","1","","0","N","","4","1","0","0","0","0","0","2","0","4","03","","","N","","","","","","","","","",""
"2024084446","1205","0","0","0","0","0","0","0","0","0","4","0","","14","9","2024","6","40.975481","-77.745277","1148","2","0","0","0","0","0","1","1","0","","0","0","0","","","3","","2","","40 58:31.730","6","0","77 44:42.997","3","0","0","0","14202","0","0","0","N","0","0","0","4","68G07","0","","1.0","1310.0","1","N","N","N","1","","3","0","0","","0","Y","","2","3","0","0","0","0","0","1","1","2","03","","","N","","","","","","","","","",""
"2024083416","1142","0","0","0","0","0","0","0","0","0","7","0","","14","9","2024","4","","","1141","2","0","0","1","0","0","0","0","0","","0","0","0","","","0","","2","","","2","0","","0","0","0","0","14206","0","0","0","N","0","0","0","1","14206","0","","5.0","1215.0","9","N","N","N","0","","0","0","1","","0","N","","1","0","0","0","0","0","0","1","0","1","07","","","N","","","","","","","","","",""
"2024082622","1609","1","0","0","0","0","0","0","0","0","1","0","","14","9","2024","2","40.782315","-77.856937","1603","2","1","0","0","0","0","0","1","0","","0","0","0","","","1","N","0","","40 46:56.333","","0","77 51:24.973","4","0","0","0","14410","0","0","0","N","0","0","0","2","14410","1","","1.0","","1","N","N","N","0","","0","0","1","","2","","","2","1","0","0","0","0","0","2","0","2","04","03","","N","","","","","","","","","",""
"2024079621","1645","0","0","0","0","0","0","0","0","0","4","0","","14","9","2024","5","40.917044","-77.779736","1642","2","0","0","0","0","0","0","2","0","","0","0","0","","","0","","1","","40 55:01.358","","0","77 46:47.049","0","0","0","0","14401","0","0","0","N","0","0","0","3","14401","0","","1.0","","1","N","N","N","0","","0","0","2","","3","","","2","0","0","0","0","0","0","2","0","2","03","03","","N","","","","","","","","","",""
"2024086883","1546","0","0","0","0","0","0","0","0","0","1","0","","14","9","2024","5","40.846113","-77.62718","1532","2","0","1","0","0","0","1","0","0","","0","0","0","","","0","Y","0","","40 50:46.006","4","0","77 37:37.848","0","0","0","0","14218","0","0","0","N","0","0","0","2","68G07","0","","1.0","100.0","1","N","N","N","0","","0","0","2","","0","N","","2","0","0","0","0","0","0","1","0","2","03","","","N","","","","","","","","","",""
"2024081353","2046","0","0","0","0","0","0","0","0","0","98","0","","14","9","2024","5","40.784703","-77.88782","2038","2","0","0","0","0","0","0","0","0","","0","0","0","","","0","N","0","","40 47:04.930","","0","77 53:16.152","0","0","0","0","14206","0","0","0","N","0","0","0","1","14206","0","","1.0","","1","N","N","N","0","","0","0","1","","0","","","1","0","0","0","0","0","0","2","0","1","03","","","N","","","","","","","","","",""
"2024081817","1739","1","0","0","0","0","0","0","0","0","1","0","","14","9","2024","3","40.80401","-77.86619","1728","2","0","0","0","0","1","0","0","0","","0","0","0","","","0","N","0","","40 48:14.435","3","0","77 51:58.283","0","0","0","0","14410","0","0","0","N","0","0","0","5","14410","0","","1.0","1810.0","1","N","N","N","0","","0","0","3","","0","N","","4","0","0","0","0","0","0","1","0","4","03","","","N","","","","","","","","","",""
"2024083576","1606","1","0","0","0","0","0","0","0","0","7","0","","14","9","2024","4","40.767058","-77.917308","1606","2","0","1","0","0","0","0","0","0","","0","0","0","","","0","N","0","","40 46:01.410","","0","77 55:02.310","0","0","0","0","14206","0","0","0","N","0","0","0","2","14206","0","","5.0","","9","N","N","N","0","","0","0","0","","0","","","1","0","0","0","0","0","0","1","0","1","07","","","N","","","","","","","","","",""
"2024083444","1355","1","0","0","0","0","0","0","0","0","4","0","","14","9","2024","4","40.765779","-77.883885","1354","2","0","0","0","0","0","0","2","0","","0","0","0","","","1","","1","","40 45:56.806","","0","77 53:01.987","8","0","0","0","14206","0","0","0","N","0","0","0","3","14206","0","","1.0","","9","N","N","N","1","","0","0","0","","2","","","2","1","0","0","0","1","0","2","0","2","07","","","N","","","","","","","","","",""
"2024083168","1525","0","0","0","0","0","0","0","0","0","1","0","","14","9","2024","2","40.865977","-77.938111","1502","2","0","0","0","0","0","1","0","0","","0","0","0","","","1","N","0","","40 51:57.516","","0","77 56:17.199","3","0","0","0","14212","0","0","0","N","0","0","0","4","68G07","0","","1.0","","9","N","N","N","0","","1","0","1","","0","","","2","1","0","0","0","0","0","1","1","2","07","","","N","","","","","","","","","",""
"2024082984","1417","0","0","0","0","0","0","0","0","0","8","0","","14","9","2024","5","40.795669","-77.857337","1417","2","0","0","0","0","1","0","0","0","","0","0","0","","","1","","1","","40 47:44.410","","0","77 51:26.413","3","0","0","0","14410","1","0","0","N","1","0","0","2","14410","0","","1.0","","1","N","N","N","0","","1","0","1","","3","","","2","1","0","0","0","0","0","2","0","1","03","03","","N","","","","","","","","","",""
"2024083514","0225","0","0","0","0","0","0","0","0","0","7","0","","14","9","2024","7","40.811531","-78.044754","0209","2","0","0","0","1","0","0","0","0","","0","0","0","","","0","N","0","","40 48:41.511","1","0","78 02:41.114","0","0","0","0","14225","0","0","0","Y","0","0","0","2","68G07","0","","4.0","300.0","1","N","N","N","0","","0","0","1","","0","N","","1","0","0","0","0","0","0","1","0","1","03","03","","N","","","","","","","","","",""
"2024082663","1455","1","0","0","0","0","0","0","0","0","1","0","","14","8","2024","2","40.930615","-77.832065","1438","2","0","1","0","0","0","0","0","0","","0","0","0","","","0","N","0","","40 55:50.214","2","0","77 49:55.434","0","0","0","0","14223","0","0","0","N","0","0","0","2","68G07","0","","1.0","1520.0","1","N","N","N","0","","0","0","1","","0","N","","2","0","0","0","0","0","0","1","0","2","03","","","N","","","","","","","","","",""
"2024071432","1805","0","0","0","0","0","0","0","0","0","7","0","","14","8","2024","7","40.821276","-77.874224","1803","2","0","0","0","0","0","1","0","0","","0","0","0","","","1","N","0","","40 49:16.592","","0","77 52:27.208","3","0","0","0","14216","0","0","0","N","0","0","0","2","14216","0","","5.0","","9","N","N","N","1","","1","0","0","","0","","","1","1","0","0","0","0","0","1","0","1","07","04","","N","","","","","","","","","",""
"2024081287","1633","1","0","0","0","0","0","0","0","0","4","0","","14","9","2024","5","40.78371","-77.83155","1633","2","0","0","0","0","0","0","0","0","","0","0","0","","","0","N","0","","40 47:01.357","","7","77 49:53.580","0","0","0","0","14204","0","0","0","N","0","0","0","2","14410","0","","1.0","","1","N","N","N","0","","0","0","1","","3","","","2","0","0","0","0","0","0","1","0","2","03","03","","N","","","","","","","","","",""
"2024084385","1253","1","0","0","0","0","0","0","0","0","5","0","","14","9","2024","7","40.797591","-77.854743","1252","2","0","0","0","1","1","0","0","0","","0","0","0","","","2","","2","","40 47:51.326","","0","77 51:17.076","3","0","0","0","14410","0","0","0","N","0","0","0","5","14410","0","","1.0","","9","N","N","N","0","","2","0","1","","0","","","2","2","0","0","0","0","0","2","0","2","04","07","","N","","","","","","","","","",""
"2024070828","1320","1","0","0","0","0","0","0","0","0","4","0","","14","8","2024","5","40.773248","-77.887385","1316","2","0","0","0","0","0","0","0","1","","0","0","0","","","1","","1","","40 46:23.693","4","0","77 53:14.587","8","0","0","0","14206","0","0","0","N","0","0","0","2","14206","0","","1.0","1340.0","1","N","N","N","0","","0","0","1","","2","N","","2","1","0","0","0","1","0","2","0","2","03","03","","N","","","","","","","","","",""
"2024079785","1219","0","0","0","0","0","0","0","0","0","4","0","","14","9","2024","7","40.905368","-77.786102","1218","2","0","0","0","1","0","0","0","0","","0","0","0","","","1","","3","","40 54:19.323","5","0","77 47:09.967","8","0","0","0","14221","0","0","0","N","0","0","0","3","14221","0","","1.0","1320.0","1","N","N","N","1","","0","0","1","","2","Y","","2","1","0","0","0","1","0","2","0","2","03","","","N","","","","","","","","","",""
"2024082119","2049","1","0","0","0","0","0","0","0","0","4","0","","14","9","2024","6","40.790069","-77.854103","2048","2","0","0","0","0","0","0","0","0","","0","0","0","","","2","","1","","40 47:24.248","2","0","77 51:14.770","3","0","0","0","14410","0","0","0","N","0","0","0","5","14410","0","","1.0","2115.0","1","N","N","N","0","","2","0","1","","3","N","","2","2","0","0","0","0","0","2","0","2","03","","","N","","","","","","","","","",""
"2024082737","0749","1","0","0","0","0","0","0","0","0","1","0","","14","9","2024","2","40.888006","-78.188193","0749","2","0","0","0","0","0","0","0","0","","0","0","0","","","0","Y","0","","40 53:16.823","","0","78 11:17.496","0","0","0","0","14219","0","0","0","Y","0","0","0","2","68G07","0","","1.0","","9","N","N","N","1","","0","0","0","","0","","","2","0","0","0","0","0","0","1","0","2","07","","","N","","","","","","","","","",""
"2024084269","2308","0","0","0","0","0","0","0","0","0","7","0","","14","9","2024","6","40.814565","-77.837203","2304","2","0","1","0","0","0","0","0","0","","0","0","0","","","0","N","0","","40 48:52.434","5","0","77 50:13.931","0","0","0","0","14204","0","0","0","N","0","0","0","4","14410","0","","2.0","10.0","9","N","N","N","0","","0","0","1","","0","Y","","1","0","0","0","0","0","0","1","0","1","07","07","","N","","","","","","","","","",""
"2024071894","0920","0","0","0","0","0","0","0","0","0","7","0","","14","8","2024","3","41.03003","-77.979942","0901","2","0","0","0","0","0","0","0","0","","0","0","0","","","1","N","0","","41 01:48.107","","0","77 58:47.792","3","0","0","0","14220","0","0","0","N","0","0","0","3","68G07","0","","4.0","","1","N","N","N","0","","1","0","1","","0","","","1","1","0","0","0","0","0","1","0","1","03","","","N","","","","","","","","","",""
"2024072501","0429","0","0","0","0","0","0","0","0","0","7","0","","14","8","2024","5","40.986341","-77.811836","0418","2","0","0","0","0","0","0","0","0","","0","0","0","","","0","N","0","","40 59:10.828","","0","77 48:42.608","0","0","0","0","14202","0","0","0","N","0","0","0","1","68G07","0","","3.0","","1","N","N","N","0","","0","0","1","","0","","","1","0","0","0","0","0","0","1","0","1","05","","","N","","","","","","","","","",""
"2024072465","0048","1","0","0","0","0","0","0","0","0","7","0","","14","8","2024","4","40.72828","-77.884324","0042","2","0","0","0","0","0","0","0","0","","0","0","0","","","4","N","0","","40 43:41.809","5","0","77 53:03.568","3","0","0","0","14206","0","0","0","Y","0","0","0","4","14206","0","","5.0","212.0","1","N","N","N","0","","3","0","0","","0","Y","","1","4","0","0","0","1","0","1","0","1","03","03","","N","","","","","","","","","",""
"2024072513","2116","0","0","0","0","0","0","0","0","0","7","0","","14","7","2024","2","40.837626","-77.999595","2057","2","0","0","1","0","0","0","0","0","","0","0","0","","","1","N","0","","40 50:15.453","2","0","77 59:58.542","3","0","0","0","14212","0","0","0","N","0","0","0","1","68G07","0","","4.0","2135.0","9","N","N","N","1","","1","0","0","","0","N","","1","1","0","0","0","0","0","1","0","1","07","","","N","","","","","","","","","",""
"2024071075","0645","1","0","0","0","0","0","0","0","0","7","0","","14","8","2024","6","40.785137","-77.85055","0640","2","0","0","0","0","0","0","0","0","","0","0","0","","","0","N","0","","40 47:06.492","","0","77 51:01.979","0","0","0","0","14410","0","0","0","N","0","0","0","1","14410","0","","5.0","","1","N","N","N","0","","0","0","0","","0","","","1","0","0","0","0","0","0","2","0","1","03","03","","N","","","","","","","","","",""
"2024072492","0740","0","0","0","0","0","0","0","0","0","1","0","","14","8","2024","5","40.880398","-77.779246","0736","2","0","0","0","0","0","1","0","0","","0","0","0","","","1","N","0","","40 52:49.433","","7","77 46:45.285","3","0","0","1","14201","0","0","0","N","0","0","0","2","68G07","0","","1.0","","1","N","N","N","0","","1","0","1","","2","","","2","1","0","0","0","0","0","2","0","2","03","","","N","","","","","","","","","",""
"2024071502","1236","1","0","0","0","0","0","0","0","0","4","0","","14","7","2024","1","40.845881","-77.81157","1227","2","0","0","0","0","0","1","0","0","","0","0","0","","","2","","1","","40 50:45.172","1","2","77 48:41.652","3","0","0","0","14201","0","0","0","N","0","0","0","6","68G07","0","","1.0","1300.0","1","N","N","N","0","","2","0","1","","3","N","","2","2","0","0","0","0","0","1","0","2","03","","","N","","","","","","","","","",""
"2024071688","0215","0","0","0","0","0","0","0","0","0","7","0","","14","8","2024","7","40.821295","-77.972161","0125","2","0","0","0","0","1","0","0","0","","0","0","0","","","1","N","0","","40 49:16.663","6","0","77 58:19.779","2","0","0","0","14216","0","0","0","N","0","0","0","1","14216","0","","5.0","505.0","1","N","N","N","0","","0","1","1","","0","Y","","1","1","1","0","1","0","0","2","0","1","03","03","","N","","","","","","","","","",""
"2024071435","2054","0","0","0","0","0","0","0","0","0","1","0","","14","8","2024","7","40.791766","-77.865148","2050","2","0","0","0","1","0","0","0","0","","0","0","0","","","1","","1","","40 47:30.359","","0","77 51:54.531","3","0","0","0","14410","0","0","0","N","0","0","0","3","14410","0","","1.0","","9","N","N","N","0","","1","0","1","","1","","","2","1","0","0","0","0","0","2","1","2","07","07","","N","","","","","","","","","",""
"2024072517","0734","1","0","0","0","0","0","0","0","0","98","0","","14","7","2024","1","41.011732","-77.961085","0711","2","0","0","0","0","0","0","0","0","","0","0","0","","","0","N","0","","41 00:42.235","","0","77 57:39.905","0","0","0","0","14220","0","0","0","N","0","0","0","1","68G07","0","","4.0","","1","N","N","N","0","","0","0","0","","0","","","1","0","0","0","0","0","0","1","0","1","03","","","N","","","","","","","","","",""
"2024071842","1305","0","0","0","0","0","0","0","0","0","4","0","","14","8","2024","2","40.79504","-77.851608","1301","2","0","0","0","1","1","0","0","0","","0","0","0","","","0","","1","","40 47:42.143","","0","77 51:05.788","0","0","0","0","14410","0","0","0","N","0","0","0","2","14410","0","","1.0","","1","N","N","N","0","","0","0","2","","3","","","2","0","0","0","0","0","0","2","0","2","03","","","N","","","","","","","","","",""
"2024071468","0927","0","0","0","0","0","0","0","0","0","4","0","","14","8","2024","6","40.882897","-77.780133","0922","2","0","0","0","0","0","0","1","0","","0","0","0","","","3","N","0","","40 52:58.430","","7","77 46:48.480","3","0","0","0","14201","0","0","0","N","0","0","0","4","68G07","0","","1.0","","8","N","N","N","1","","2","0","1","","3","","","2","3","0","0","0","1","0","2","0","2","07","","","N","","","","","","","","","",""
"2024071479","1426","2","0","0","0","0","0","0","0","0","1","0","","14","8","2024","4","40.862066","-77.732559","1412","2","0","0","0","0","0","0","1","1","","0","0","0","","","1","N","0","","40 51:43.438","","0","77 43:57.211","3","0","0","0","14221","0","0","0","N","0","0","0","2","68G07","0","","1.0","","1","N","N","N","0","","1","0","0","","0","","","2","1","0","0","0","0","0","1","0","2","03","","","N","","","","","","","","","",""
"2024073271","0750","1","0","0","0","0","0","0","0","0","7","0","","14","8","2024","5","40.751197","-78.217339","0742","2","0","0","0","0","0","0","0","0","","0","0","0","","","0","N","0","","40 45:04.309","","0","78 13:02.421","0","0","0","0","14222","0","0","0","N","0","0","0","1","68G07","0","","5.0","","1","N","N","N","0","","0","0","0","","0","","","1","0","0","0","0","0","0","1","0","1","03","03","","N","","","","","","","","","",""
"2024067299","1502","1","0","0","0","0","0","0","0","0","1","0","","14","8","2024","5","40.892879","-78.194403","1442","2","0","0","0","0","0","1","0","0","","0","0","0","","","1","N","0","","40 53:34.365","4","0","78 11:39.850","3","0","0","0","14219","0","0","0","N","0","0","0","3","68G07","0","","1.0","1545.0","1","N","N","Y","0","","1","0","2","","0","N","","3","1","1","0","0","0","0","1","0","3","03","","","N","","","","","","","","","",""
"2024071158","1440","1","0","0","0","0","0","0","0","0","1","0","","14","8","2024","5","40.812087","-77.828606","1430","2","0","0","0","0","0","0","0","0","","0","0","0","","","0","N","0","","40 48:43.514","4","3","77 49:42.981","0","0","0","0","14204","0","0","0","N","0","0","0","2","68G07","0","","1.0","1515.0","1","N","N","N","1","","0","0","0","","0","Y","","2","0","0","0","0","0","0","2","0","2","03","","","N","","","","","","","","","",""
"2024071170","1942","0","0","0","0","0","0","0","0","0","7","0","","14","7","2024","1","40.879477","-77.778936","1925","2","0","0","0","0","0","0","0","0","","0","0","0","","","0","N","0","","40 52:46.116","","0","77 46:44.170","0","0","0","0","14201","0","0","0","Y","0","0","0","1","68G07","0","","4.0","","1","N","N","N","1","","0","0","0","","0","","","1","0","0","0","0","0","0","2","0","1","03","","","N","","","","","","","","","",""
"2024072006","1751","1","0","0","0","0","0","0","0","0","4","0","","14","8","2024","2","40.859071","-77.876378","1743","2","0","0","0","0","0","0","0","0","","0","0","0","","","0","","1","","40 51:32.655","","0","77 52:34.961","0","0","0","0","14216","0","0","0","N","0","0","0","2","14216","0","","1.0","","1","N","N","N","0","","0","0","1","","3","","","2","0","0","0","0","0","0","1","0","2","03","03","","N","","","","","","","","","",""
"2024073227","1633","1","0","0","0","0","0","0","0","0","1","0","","14","8","2024","6","40.822804","-77.813342","1612","2","0","0","0","0","0","1","1","0","","0","0","0","","","1","N","0","","40 49:22.093","3","0","77 48:48.030","3","0","0","0","14410","0","0","0","N","0","0","0","4","14410","0","","1.0","1659.0","1","N","N","N","0","","1","0","1","","0","N","","3","1","0","0","0","0","0","2","1","3","03","","","N","","","","","","","","","",""
"2024070483","1129","0","0","0","0","0","0","0","0","0","4","0","","14","8","2024","4","40.785226","-77.834376","1129","2","0","0","1","0","0","0","0","1","","0","0","0","","","2","","1","","40 47:06.814","2","0","77 50:03.753","3","0","0","0","14410","0","0","0","N","0","0","0","2","14410","1","","1.0","1220.0","1","N","N","N","0","","1","0","2","","2","N","","2","2","0","0","0","0","0","2","0","2","03","03","","N","","","","","","","","","",""
"2024071947","1609","0","0","0","0","0","0","0","0","0","7","0","","14","8","2024","1","40.815641","-77.922814","1601","2","0","0","0","0","0","0","0","0","","0","0","0","","","2","N","0","","40 48:56.306","","0","77 55:22.132","3","0","0","0","14216","0","0","0","Y","0","0","0","2","68G07","0","","4.0","","8","N","N","N","0","","2","0","1","","0","","","1","2","0","0","0","0","0","1","0","1","07","","","N","","","","","","","","","",""
"2024067325","1240","1","0","0","0","0","0","0","0","0","4","0","","14","8","2024","7","40.788215","-77.856178","1235","2","0","0","0","0","0","0","1","0","","0","0","0","","","0","","1","","40 47:17.574","","0","77 51:22.240","0","0","0","0","14410","0","0","0","N","0","0","0","2","14410","0","","1.0","","1","N","N","N","0","","0","0","1","","3","","","2","0","0","0","0","0","0","2","0","2","03","","","N","","","","","","","","","",""
"2024071881","1313","1","0","0","0","0","0","0","0","0","1","1","55","14","8","2024","6","40.999733","-77.607742","1255","2","0","0","0","0","0","0","2","0","","0","1","0","","","0","N","0","","40 59:59.038","4","0","77 36:27.872","0","0","0","0","14214","0","0","0","N","0","0","0","6","68G07","0","","1.0","1400.0","9","N","N","N","1","","0","0","0","","8","N","","3","0","0","0","0","0","0","1","0","3","07","","Y","Y","2","1","N","N","N","Y","N","N","N","N"
"2024072602","1443","0","0","0","0","0","0","0","0","0","8","0","","14","8","2024","4","40.795718","-77.857273","1438","2","0","0","0","0","0","0","0","0","","0","0","0","","","1","","1","","40 47:44.584","3","0","77 51:26.181","4","0","0","0","14410","1","0","0","N","1","0","0","2","14410","1","","1.0","1501.0","1","N","N","N","0","","0","0","0","","3","N","","2","1","0","0","0","0","0","2","1","1","03","03","","N","","","","","","","","","",""
"2024071473","1119","0","0","0","0","0","0","0","0","0","5","0","","14","8","2024","1","41.02165","-77.899879","1111","2","0","0","0","0","0","0","1","0","","0","0","0","","","1","N","0","","41 01:17.941","4","0","77 53:59.564","3","0","0","0","14220","0","0","0","N","0","0","0","3","68G07","0","","1.0","1214.0","1","N","N","N","0","","1","0","2","","0","N","","2","1","0","0","0","0","0","1","0","2","03","","","N","","","","","","","","","",""
"2024068741","1732","2","0","0","0","0","0","0","0","0","1","0","","14","8","2024","5","40.772472","-77.863722","1730","2","0","0","0","0","0","1","0","0","","0","0","0","","","0","N","0","","40 46:20.900","","7","77 51:49.400","0","0","0","0","14410","0","0","0","N","0","0","0","3","14410","0","","1.0","","9","N","N","N","0","","0","0","0","","0","","","2","0","0","0","0","0","0","2","0","2","04","04","","N","","","","","","","","","",""
"2024069825","1318","0","0","0","0","0","0","0","0","0","5","0","","14","8","2024","2","40.809416","-77.833249","1313","2","0","0","0","0","0","0","0","0","","0","0","0","","","0","N","0","","40 48:33.896","4","0","77 49:59.698","0","0","0","0","14204","0","0","0","N","0","0","0","6","14410","0","","1.0","1348.0","1","N","N","N","0","","0","0","2","","2","N","","2","0","0","0","0","0","0","2","0","2","03","03","","N","","","","","","","","","",""
"2024072509","1855","0","0","0","0","0","0","0","0","0","7","0","","14","8","2024","2","40.810322","-78.035454","1840","2","0","0","0","0","0","0","0","0","","0","0","0","","","1","N","0","","40 48:37.158","2","0","78 02:07.635","3","0","0","0","14225","0","0","0","Y","0","0","0","1","68G07","0","","4.0","0.0","1","N","N","N","0","","1","0","1","","0","N","","1","1","0","0","0","0","0","1","0","1","03","","","N","","","","","","","","","",""
"2024066879","1716","1","0","0","0","0","0","0","0","0","4","0","","14","8","2024","6","40.796568","-77.831789","1710","2","0","0","0","0","0","0","0","0","","0","0","0","","","0","","2","","40 47:47.646","","0","77 49:54.439","0","0","0","0","14204","0","0","0","N","0","0","0","2","14410","0","","1.0","","1","N","N","N","0","","0","0","1","","0","","","2","0","0","0","0","0","0","2","0","2","03","03","","N","","","","","","","","","",""
"2024086895","1849","0","0","0","0","0","0","0","0","0","7","0","","14","9","2024","3","40.822332","-78.007683","1837","2","0","0","0","0","0","0","0","0","","0","0","0","","","1","Y","0","","40 49:20.394","1","0","78 00:27.657","4","0","0","0","14225","0","0","0","N","0","0","0","1","68G07","1","","4.0","1915.0","9","N","N","N","0","","0","0","1","","0","N","","1","1","0","0","0","0","0","1","0","1","07","05","","N","","","","","","","","","",""
"2024067679","1413","1","0","0","0","0","0","0","0","0","1","0","","14","8","2024","7","40.80644","-77.715546","1401","2","0","0","0","0","0","0","1","0","","0","0","0","","","1","N","0","","40 48:23.185","3","0","77 42:55.965","3","0","0","0","14218","0","0","0","N","0","0","0","5","68G07","0","","1.0","1501.0","1","N","N","N","0","","1","0","1","","0","Y","","2","1","0","0","0","0","0","1","0","2","03","03","","N","","","","","","","","","",""
"2024069569","0623","0","0","0","0","0","0","0","0","0","0","1","","14","8","2024","3","40.946874","-77.716624","0609","2","0","0","0","0","0","0","0","0","","0","1","0","","","1","","6","","40 56:48.745","4","2","77 42:59.847","3","0","0","0","14214","0","0","0","Y","0","0","0","1","68G07","0","","1.0","845.0","1","N","N","N","0","","1","0","0","","0","Y","","1","1","0","0","0","0","0","1","0","1","05","","","N","","","","","","","","","",""
"2024070170","1420","0","0","0","0","0","0","0","0","0","4","0","","14","8","2024","3","40.807594","-77.892936","1415","2","0","0","0","0","0","0","1","0","","0","0","0","","","0","N","0","","40 48:27.340","2","7","77 53:34.569","0","0","0","0","14206","0","0","0","N","0","0","0","2","14206","0","","1.0","1458.0","1","N","N","N","1","","0","0","1","","0","N","","2","0","0","0","0","0","0","2","0","2","03","","","N","","","","","","","","","",""
"2024069150","1804","1","0","0","0","0","0","0","0","0","8","0","","14","8","2024","6","40.785226","-77.834376","1758","2","0","0","0","0","0","0","0","0","","0","0","0","","","1","","1","","40 47:06.814","","0","77 50:03.753","3","0","0","0","14410","1","0","0","N","1","0","0","2","14410","0","","1.0","","1","N","N","N","0","","1","0","0","","2","","","2","1","0","0","0","0","0","2","0","1","03","","","N","","","","","","","","","",""