"CRN","ARRIVAL_TM","AUTOMOBILE_COUNT","BELTED_DEATH_COUNT","BELTED_SUSP_SERIOUS_INJ_COUNT","BICYCLE_COUNT","BICYCLE_DEATH_COUNT","BICYCLE_SUSP_SERIOUS_INJ_COUNT","BUS_COUNT","CHLDPAS_DEATH_COUNT","CHLDPAS_SUSP_SERIOUS_INJ_COUNT","COLLISION_TYPE","COMM_VEH_COUNT","CONS_ZONE_SPD_LIM","COUNTY","CRASH_MONTH","CRASH_YEAR","DAY_OF_WEEK","DEC_LATITUDE","DEC_LONGITUDE","DISPATCH_TM","DISTRICT","DRIVER_COUNT_16YR","DRIVER_COUNT_17YR","DRIVER_COUNT_18YR","DRIVER_COUNT_19YR","DRIVER_COUNT_20YR","DRIVER_COUNT_50_64YR","DRIVER_COUNT_65_74YR","DRIVER_COUNT_75PLUS","EST_HRS_CLOSED","FATAL_COUNT","HEAVY_TRUCK_COUNT","HORSE_BUGGY_COUNT","HOUR_OF_DAY","ILLUMINATION","INJURY_COUNT","INTERSECTION_RELATED","INTERSECT_TYPE","LANE_CLOSED","LATITUDE","LN_CLOSE_DIR","LOCATION_TYPE","LONGITUDE","MAX_SEVERITY_LEVEL","MCYCLE_DEATH_COUNT","MCYCLE_SUSP_SERIOUS_INJ_COUNT","MOTORCYCLE_COUNT","MUNICIPALITY","NONMOTR_COUNT","NONMOTR_DEATH_COUNT","NONMOTR_SUSP_SERIOUS_INJ_COUNT","NTFY_HIWY_MAINT","PED_COUNT","PED_DEATH_COUNT","PED_SUSP_SERIOUS_INJ_COUNT","PERSON_COUNT","POLICE_AGCY","POSSIBLE_INJ_COUNT","RDWY_SURF_TYPE_CD","RELATION_TO_ROAD","ROADWAY_CLEARED","ROAD_CONDITION","SCH_BUS_IND","SCH_ZONE_IND","SECONDARY_CRASH","SMALL_TRUCK_COUNT","SPEC_JURIS_CD","SUSP_MINOR_INJ_COUNT","SUSP_SERIOUS_INJ_COUNT","SUV_COUNT","TCD_FUNC_CD","TCD_TYPE","TFC_DETOUR_IND","TIME_OF_DAY","TOTAL_UNITS","TOT_INJ_COUNT","UNBELTED_OCC_COUNT","UNB_DEATH_COUNT","UNB_SUSP_SERIOUS_INJ_COUNT","UNK_INJ_DEG_COUNT","UNK_INJ_PER_COUNT","URBAN_RURAL","VAN_COUNT","VEHICLE_COUNT","WEATHER1","WEATHER2","WORKERS_PRES","WORK_ZONE_IND","WORK_ZONE_LOC","WORK_ZONE_TYPE","WZ_CLOSE_DETOUR","WZ_FLAGGER","WZ_LAW_OFFCR_IND","WZ_LN_CLOSURE","WZ_MOVING","WZ_OTHER","WZ_SHLDER_MDN","WZ_WORKERS_INJ_KILLED"
"2024069581","0837","1","0","0","0","0","0","0","0","0","7","0","","14","8","2024","6","40.964123","-77.664568","0816","2","0","0","0","0","1","0","0","0","","0","0","0","","","0","N","0","","40 57:50.841","","0","77 39:52.444","0","0","0","0","14214","0","0","0","Y","0","0","0","1","68G07","0","","4.0","","9","N","N","N","0","","0","0","0","","0","","","1","0","0","0","0","0","0","1","0","1","07","07","","N","","","","","","","","","",""
"2024070286","2103","0","0","0","0","0","0","0","0","0","4","0","","14","8","2024","3","40.831663","-77.804191","2059","2","0","0","0","0","0","0","0","1","","0","0","0","","","1","Y","0","","40 49:53.986","","7","77 48:15.086","3","0","0","0","14204","0","0","0","N","0","0","0","2","14410","0","","1.0","","1","N","N","N","1","","1","0","1","","2","","","2","1","0","0","0","0","0","2","0","2","03","03","","N","","","","","","","","","",""
"2024070558","1212","1","0","0","0","0","0","0","0","0","98","0","","14","8","2024","2","40.90067","-78.152281","1128","2","0","0","0","0","0","0","0","0","","0","0","0","","","0","N","0","","40 54:02.413","","0","78 09:08.210","0","0","0","0","14219","0","0","0","N","0","0","0","1","68G07","0","","1.0","","1","N","N","N","0","","0","0","0","","0","","","1","0","1","0","0","0","0","1","0","1","03","03","","N","","","","","","","","","",""
"2024071160","1619","0","0","0","0","0","0","0","0","0","4","0","","14","8","2024","5","40.848438","-77.609162","1557","2","0","0","0","0","0","0","0","0","","0","0","0","","","0","N","0","","40 50:54.377","","0","77 36:32.983","0","0","0","0","14207","0","0","0","N","0","0","0","7","68G07","0","","1.0","","1","N","N","N","0","","0","0","2","","0","","","2","0","0","0","0","0","0","1","0","2","03","03","","N","","","","","","","","","",""
"2024066511","0908","0","0","0","1","0","1","0","0","0","8","0","","14","8","2024","5","40.816028","-77.84125","0905","2","0","0","0","0","0","0","0","0","","0","0","0","","","1","N","0","","40 48:57.700","5","0","77 50:28.500","2","0","0","0","14204","1","0","1","N","0","0","0","4","14410","0","","1.0","928.0","1","N","N","N","0","","0","1","1","","0","Y","","2","1","0","0","0","0","0","2","0","1","03","","","N","","","","","","","","","",""
"2024077820","1559","1","0","0","0","0","0","0","0","0","4","0","","14","9","2024","1","40.805239","-77.887082","1557","2","0","0","0","1","0","0","0","0","","0","0","0","","","0","","1","","40 48:18.861","","0","77 53:13.494","0","0","0","0","14206","0","0","0","N","0","0","0","4","14206","0","","1.0","","1","N","N","N","0","","0","0","1","","2","","","2","0","0","0","0","0","0","2","0","2","03","","","N","","","","","","","","","",""
"2024077064","2042","2","0","0","0","0","0","0","0","0","1","0","","14","9","2024","5","40.796809","-77.872421","2034","2","0","0","0","1","1","0","0","0","","0","0","0","","","1","","1","","40 47:48.513","","0","77 52:20.714","3","0","0","0","14410","0","0","0","N","0","0","0","2","14410","0","","1.0","","1","N","N","N","0","","1","0","0","","2","","","2","1","0","0","0","0","0","2","0","2","03","03","","N","","","","","","","","","",""
"2024079113","1712","0","0","0","0","0","0","0","0","0","7","0","","14","9","2024","5","40.788861","-77.894917","1712","2","0","0","0","0","1","0","0","0","","0","0","0","","","0","N","0","","40 47:19.900","2","0","77 53:41.700","0","0","0","0","14206","0","0","0","N","0","0","0","1","14206","0","","5.0","1748.0","1","N","N","N","0","","0","0","1","","0","Y","","1","0","0","0","0","0","0","2","0","1","03","","","N","","","","","","","","","",""
"2024069591","2110","0","0","0","0","0","0","0","0","0","7","0","","14","8","2024","6","40.948514","-77.828436","2102","2","0","0","0","0","0","1","0","0","","0","0","0","","","1","N","0","","40 56:54.649","1","0","77 49:42.371","3","0","0","0","14202","0","0","0","N","0","0","0","2","68G07","0","","1.0","2200.0","1","N","N","N","1","","1","0","0","","0","N","","1","1","2","0","0","0","0","1","0","1","03","03","","N","","","","","","","","","",""
"2024078953","1123","0","0","0","0","0","0","0","0","0","7","0","","14","9","2024","2","40.907842","-78.207761","1122","2","0","0","0","0","0","0","0","0","","0","0","0","","","1","N","0","","40 54:28.230","","0","78 12:27.940","2","0","1","1","14219","0","0","0","N","0","0","0","1","68G07","0","","4.0","","1","N","N","N","0","","0","1","0","","0","","","1","1","0","0","0","0","0","2","0","1","03","","","N","","","","","","","","","",""
"2024064718","0848","0","0","0","0","0","0","0","0","0","5","0","","14","7","2024","6","40.791861","-77.85725","0848","2","0","0","0","0","0","0","0","0","","0","0","0","","","0","N","0","","40 47:30.700","6","0","77 51:26.100","0","0","0","0","14410","0","0","0","N","0","0","0","1","14410","0","","1.0","930.0","1","N","N","N","0","","0","0","2","","0","Y","","2","0","0","0","0","0","0","2","0","2","03","","","N","","","","","","","","","",""
"2024065761","1126","0","0","0","0","0","0","0","0","0","4","0","","14","7","2024","3","40.780061","-77.744251","1117","2","0","0","0","0","0","0","0","1","","0","0","0","","","0","","2","","40 46:48.219","","0","77 44:39.305","0","0","0","0","14210","0","0","0","N","0","0","0","4","14410","0","","1.0","","1","N","N","N","0","","0","0","2","","3","","","2","0","0","0","0","0","0","1","0","2","04","","","N","","","","","","","","","",""
"2024077246","1050","2","0","0","0","0","0","0","0","0","4","0","","14","9","2024","6","40.75995","-77.877971","1050","2","0","0","0","0","0","0","0","0","","0","0","0","","","1","","1","","40 45:35.821","5","0","77 52:40.696","4","0","0","0","14206","0","0","0","N","0","0","0","2","14206","1","","1.0","1130.0","1","N","N","N","0","","0","0","0","","2","N","","2","1","0","0","0","0","0","1","0","2","03","03","","N","","","","","","","","","",""
"2024062761","0858","0","0","0","0","0","0","0","0","0","7","0","","14","7","2024","5","40.997083","-77.623014","0842","2","0","0","0","0","0","1","0","0","","0","0","0","","","1","N","0","","40 59:49.499","","0","77 37:22.849","3","0","0","0","14214","0","0","0","N","0","0","0","1","68G07","0","","4.0","","1","N","N","N","0","","1","0","1","","0","","","1","1","0","0","0","0","0","1","0","1","03","","","N","","","","","","","","","",""
"2024076205","1550","2","0","0","1","0","0","0","0","0","8","1","","14","9","2024","3","40.783361","-77.853306","1548","2","0","0","1","0","0","1","0","0","","0","0","0","","","1","N","0","","40 47:00.100","3","0","77 51:11.900","3","0","0","0","14410","1","0","0","N","0","0","0","5","14410","0","","1.0","1640.0","1","N","N","N","0","","1","0","0","","0","N","","4","1","0","0","0","0","0","2","1","3","","03","","N","","","","","","","","","",""
"2024067980","1443","1","0","0","0","0","0","0","0","0","4","0","","14","8","2024","3","40.791255","-77.853073","1440","2","0","0","0","0","0","0","0","0","","0","0","0","","","3","","1","","40 47:28.518","2","0","77 51:11.062","3","0","0","0","14410","0","0","0","N","0","0","0","4","14410","1","","1.0","1515.0","1","N","N","N","1","","2","0","0","","3","N","","2","3","0","0","0","0","0","2","0","2","04","04","","N","","","","","","","","","",""
"2024079164","2011","0","0","0","0","0","0","0","0","0","7","0","","14","9","2024","4","40.948471","-77.791724","2000","2","0","0","0","0","0","0","0","0","","0","0","0","","","1","N","0","","40 56:54.497","7","2","77 47:30.206","2","0","1","1","14202","0","0","0","N","0","0","0","1","68G07","0","","4.0","2042.0","1","N","N","N","0","","0","1","0","","0","Y","","1","1","0","0","0","0","0","2","0","1","03","","","N","","","","","","","","","",""
"2024078529","1504","1","0","0","0","0","0","0","0","0","4","0","","14","9","2024","5","40.865514","-77.938953","1448","2","0","0","0","0","0","1","0","1","","0","0","0","","","2","","1","","40 51:55.852","2","0","77 56:20.231","3","0","0","0","14212","0","0","0","N","0","0","0","2","68G07","0","","1.0","1540.0","1","N","N","N","0","","1","0","1","","3","N","","2","2","0","0","0","1","0","1","0","2","03","","","N","","","","","","","","","",""
"2024042104","2108","0","0","0","0","0","0","0","0","0","7","0","","14","5","2024","2","40.782787","-77.814334","2108","2","1","0","0","0","0","0","0","0","","0","0","0","","","0","","2","","40 46:58.033","","0","77 48:51.602","0","0","0","0","14210","0","0","0","N","0","0","0","1","14410","0","","5.0","","1","N","N","N","0","","0","0","1","","0","","","1","0","0","0","0","0","0","1","0","1","03","03","","N","","","","","","","","","",""
"2024076897","1118","0","0","0","0","0","0","0","0","0","5","1","","14","9","2024","5","40.772078","-77.871372","1113","2","0","0","0","0","0","0","1","0","","0","1","0","","","0","N","0","","40 46:19.482","2","0","77 52:16.939","0","0","0","0","14206","0","0","0","N","0","0","0","2","14206","0","","1.0","1145.0","1","N","N","N","0","","0","0","1","","0","N","","2","0","0","0","0","0","0","2","0","2","03","03","","N","","","","","","","","","",""
"2024064514","1739","2","0","0","0","0","0","0","0","0","1","0","","14","7","2024","5","40.773051","-77.854659","1732","2","0","0","0","0","0","1","0","0","","0","0","0","","","0","","1","","40 46:22.982","","0","77 51:16.773","0","0","0","0","14410","0","0","0","N","0","0","0","2","14410","0","","1.0","","1","N","N","N","0","","0","0","0","","2","","","2","0","0","0","0","0","0","2","0","2","03","03","","N","","","","","","","","","",""
"2024078530","1644","0","0","0","1","0","0","0","0","0","8","0","","14","9","2024","5","40.915852","-77.890055","1627","2","0","0","0","0","0","0","0","0","","0","0","0","","","1","N","0","","40 54:57.066","","7","77 53:24.198","8","0","0","0","14223","1","0","0","N","0","0","0","2","68G07","0","","1.0","","1","N","N","N","1","","0","0","0","","0","","","2","1","0","0","0","1","0","1","0","1","03","","","N","","","","","","","","","",""
"2024065049","1819","0","0","0","0","0","0","0","0","0","4","0","","14","7","2024","7","40.808999","-77.925906","1815","2","1","0","0","0","0","1","0","0","","0","0","0","","","0","","1","","40 48:32.396","4","0","77 55:33.261","0","0","0","0","14216","0","0","0","N","0","0","0","4","14216","0","","1.0","1852.0","1","N","N","N","1","","0","0","1","","1","Y","","2","0","0","0","0","0","0","2","0","2","03","","","N","","","","","","","","","",""
"2024067282","2138","0","0","0","0","0","0","0","0","0","7","0","","14","7","2024","1","40.945853","-77.791489","2127","2","0","0","0","0","0","1","0","0","","0","0","0","","","1","N","0","","40 56:45.070","7","0","77 47:29.360","3","0","0","0","14404","0","0","0","N","0","0","0","1","68G07","0","","4.0","2225.0","1","N","N","N","1","","1","0","0","","0","N","","1","1","1","0","0","0","0","2","0","1","03","","","N","","","","","","","","","",""
"2024068422","1750","1","0","0","0","0","0","0","0","0","6","1","","14","8","2024","3","40.8523","-77.965856","1738","2","0","0","1","0","0","1","0","0","","0","1","0","","","0","N","0","","40 51:08.281","5","0","77 57:57.080","0","0","0","0","14212","0","0","0","N","0","0","0","2","68G07","0","","1.0","2000.0","9","N","N","N","0","","0","0","0","","0","Y","","2","0","0","0","0","0","0","1","0","2","07","","","N","","","","","","","","","",""
"2024065680","1002","0","0","0","0","0","0","0","0","0","0","0","","14","7","2024","7","40.871256","-77.852491","0955","2","0","0","0","0","0","0","1","0","","0","0","0","","","2","N","0","","40 52:16.521","5","0","77 51:08.966","2","0","1","1","14201","0","0","0","N","0","0","0","3","68G07","0","","1.0","1345.0","1","N","N","N","0","","1","1","1","","0","Y","","2","2","0","0","0","0","0","1","0","2","03","","","N","","","","","","","","","",""
"2024119145","0714","1","0","0","0","0","0","0","0","0","4","0","","14","12","2024","2","40.833241","-77.677295","0712","2","0","0","0","0","0","1","0","0","","0","0","0","","","0","N","0","","40 49:59.666","","7","77 40:38.263","0","0","0","0","14218","0","0","0","N","0","0","0","2","68G07","0","","1.0","","9","N","N","N","0","","0","0","1","","3","","","2","0","0","0","0","0","0","1","0","2","03","","","N","","","","","","","","","",""
"2024105099","0039","1","0","0","0","0","0","0","0","0","7","0","","14","11","2024","5","40.801366","-77.850193","0039","2","0","0","0","0","1","0","0","0","","0","0","0","","","0","N","6","","40 48:04.918","","0","77 51:00.693","0","0","0","0","14410","0","0","0","N","0","0","0","2","14410","0","","2.0","","9","N","N","N","0","","0","0","0","","0","","","1","0","0","0","0","0","0","2","0","1","07","03","","N","","","","","","","","","",""
"2024103260","1151","0","0","0","0","0","0","0","0","0","4","0","","14","11","2024","6","40.791766","-77.865148","1150","2","0","0","0","0","1","1","0","0","","0","0","0","","","1","","1","","40 47:30.359","1","0","77 51:54.531","3","0","0","0","14410","0","0","0","N","0","0","0","2","14410","0","","1.0","1232.0","1","N","N","N","0","","1","0","2","","2","Y","","2","1","0","0","0","0","0","2","0","2","03","","","N","","","","","","","","","",""
"2024077949","1828","0","0","0","0","0","0","0","0","0","0","0","","14","9","2024","6","40.76532","-77.841441","1826","2","0","0","0","0","1","0","0","0","","0","0","0","","","2","N","0","","40 45:55.152","4","0","77 50:29.188","2","0","1","1","14210","0","0","0","N","0","0","0","2","14410","0","","5.0","1857.0","1","N","N","N","0","","1","1","0","","0","N","","1","2","0","0","0","0","0","1","0","1","03","","","N","","","","","","","","","",""
"2024077640","1447","0","0","0","0","0","0","0","0","0","1","0","","14","9","2024","6","40.886935","-77.491435","1426","2","0","0","0","0","0","0","0","1","","0","0","0","","","1","N","0","","40 53:12.967","","0","77 29:29.165","3","0","0","1","14217","0","0","0","N","0","0","0","3","68G07","0","","1.0","","1","N","N","N","1","","1","0","0","","0","","","2","1","0","0","0","0","0","1","0","2","03","03","","N","","","","","","","","","",""
"2024066036","1826","0","0","0","0","0","0","0","0","0","1","0","","14","7","2024","2","40.932138","-77.827223","1817","2","0","0","0","0","0","0","0","1","","0","0","0","","","1","","2","","40 55:55.696","","0","77 49:38.003","3","0","0","0","14223","0","0","0","N","0","0","0","2","68G07","0","","1.0","","1","N","N","N","2","","1","0","0","","3","","","2","1","0","0","0","0","0","1","0","2","03","","","N","","","","","","","","","",""
"2024101511","1545","0","0","0","0","0","0","0","0","0","8","0","","14","11","2024","7","40.811889","-77.858583","1536","2","0","0","0","0","0","0","1","0","","0","0","0","","","1","N","0","","40 48:42.800","","0","77 51:30.900","3","0","0","0","14204","1","0","0","N","1","0","0","5","07501","0","","1.0","","1","N","N","N","0","","1","0","1","","0","","","2","1","0","0","0","0","0","2","0","1","03","","","N","","","","","","","","","",""
"2024096806","0012","0","0","0","0","0","0","0","0","0","98","0","","14","10","2024","5","40.828236","-77.842707","0005","2","0","0","0","0","0","0","0","0","","0","0","0","","","0","N","0","","40 49:41.649","","2","77 50:33.745","0","0","0","0","14204","0","0","0","N","0","0","0","2","14410","0","","1.0","","1","N","N","N","0","","0","0","0","","0","","","1","0","0","0","0","0","0","1","1","1","03","","","N","","","","","","","","","",""
"2024116868","0722","0","0","0","0","0","0","0","0","0","7","0","","14","12","2024","3","40.911838","-77.782834","0713","2","0","0","0","0","0","1","0","0","","0","0","0","","","0","N","0","","40 54:42.618","6","7","77 46:58.203","0","0","0","0","14401","0","0","0","N","0","0","0","1","14401","0","","5.0","830.0","7","N","N","N","0","","0","0","1","","0","Y","","1","0","0","0","0","0","0","2","0","1","04","","","N","","","","","","","","","",""
"2024116432","0756","0","0","0","0","0","0","0","0","0","1","0","","14","12","2024","2","40.830884","-77.886051","0746","2","0","0","0","0","0","1","0","0","","0","0","0","","","0","N","0","","40 49:51.182","2","0","77 53:09.783","0","0","0","0","14216","0","0","0","N","0","0","0","1","14216","0","","4.0","833.0","1","N","N","N","0","","0","0","2","","0","N","","2","0","0","0","0","0","0","2","0","2","03","","","N","","","","","","","","","",""
"2024118322","1639","2","0","0","0","0","0","0","0","0","4","0","","14","12","2024","1","40.826283","-77.808854","1638","2","0","1","0","1","0","0","0","0","","0","0","0","","","0","","1","","40 49:34.617","","0","77 48:31.876","0","0","0","0","14204","0","0","0","N","0","0","0","2","14410","0","","1.0","","9","N","N","N","0","","0","0","0","","2","","","2","0","0","0","0","0","0","2","0","2","03","","","N","","","","","","","","","",""
"2024097467","1640","1","0","0","0","0","0","0","0","0","1","0","","14","11","2024","6","40.811531","-77.829228","1635","2","0","0","0","1","1","0","0","0","","0","0","0","","","0","N","0","","40 48:41.513","3","0","77 49:45.219","0","0","0","0","14204","0","0","0","N","0","0","0","12","14410","0","","1.0","1700.0","1","N","N","N","1","","0","0","1","","2","N","","3","0","0","0","0","0","0","2","0","3","03","","","N","","","","","","","","","",""
"2024117003","1620","0","0","0","0","0","0","0","0","0","7","0","","14","12","2024","1","41.026562","-77.928051","1605","2","0","0","0","0","1","0","0","0","","0","0","0","","","0","N","0","","41 01:35.623","","0","77 55:40.982","0","0","0","0","14220","0","0","0","N","0","0","0","1","68G07","0","","5.0","","1","N","N","N","0","","0","0","1","","0","","","1","0","0","0","0","0","0","1","0","1","03","","","N","","","","","","","","","",""
"2024117444","1556","2","0","0","0","0","0","0","0","0","4","0","","14","12","2024","5","40.785226","-77.834376","1556","2","0","0","0","0","0","1","0","1","","0","0","0","","","2","","1","","40 47:06.814","1","0","77 50:03.753","3","0","0","0","14410","0","0","0","N","0","0","0","4","14410","0","","1.0","1634.0","1","N","N","Y","0","","2","0","1","","2","N","","3","2","0","0","0","0","0","2","0","3","03","03","","N","","","","","","","","","",""
"2024117412","0738","0","0","0","0","0","0","0","0","0","4","0","","14","12","2024","3","40.911897","-77.783313","0738","2","0","0","0","0","0","0","0","0","","0","0","0","","","0","N","0","","40 54:42.830","7","7","77 46:59.928","0","0","0","0","14401","0","0","0","N","0","0","0","1","14401","0","","4.0","830.0","7","N","N","N","0","","0","0","2","","0","Y","","2","0","0","0","0","0","0","2","0","2","04","","","N","","","","","","","","","",""
"2024059037","1146","1","0","0","0","0","0","0","0","0","8","0","","14","7","2024","1","40.788077","-77.860177","1146","2","0","0","0","0","0","0","0","0","","0","0","0","","","1","","1","","40 47:17.076","","0","77 51:36.636","3","0","0","0","14410","1","0","0","N","1","0","0","2","14410","0","","1.0","","1","N","N","N","0","","1","0","0","","3","","","2","1","0","0","0","0","0","2","0","1","","","","N","","","","","","","","","",""
"2024107145","0423","0","0","0","0","0","0","0","0","0","7","1","","14","11","2024","4","40.789873","-78.067319","0408","2","0","0","0","0","0","0","0","0","","0","1","0","","","1","N","0","","40 47:23.541","1","3","78 04:02.347","8","0","0","0","14225","0","0","0","N","0","0","0","1","68G07","0","","2.0","830.0","1","N","N","N","0","","0","0","0","","0","Y","","1","1","0","0","0","1","0","1","0","1","03","","","N","","","","","","","","","",""
"2024107561","1247","0","0","0","0","0","0","0","0","0","0","1","","14","11","2024","3","40.964071","-77.664748","1237","2","0","0","0","0","0","1","0","0","","0","1","0","","","0","N","0","","40 57:50.656","4","0","77 39:53.091","0","0","0","0","14214","0","0","0","N","0","0","0","1","68G07","0","","4.0","1331.0","1","N","N","N","0","","0","0","0","","0","Y","","1","0","0","0","0","0","0","1","0","1","03","03","","N","","","","","","","","","",""
"2024116184","1145","0","0","0","0","0","0","0","0","0","1","0","","14","12","2024","1","40.813096","-77.858901","1138","2","0","0","0","0","0","0","0","0","","0","0","0","","","0","N","0","","40 48:47.147","","0","77 51:32.042","0","0","0","0","14204","0","0","0","N","0","0","0","4","14410","0","","1.0","","1","N","N","N","0","","0","0","2","","0","","","2","0","0","0","0","0","0","1","0","2","03","03","","N","","","","","","","","","",""
"2024098476","0728","1","0","0","0","0","0","0","0","0","98","0","","14","11","2024","7","40.82041","-77.892961","0713","2","0","0","0","0","0","0","0","0","","0","0","0","","","0","","6","","40 49:13.476","1","2","77 53:34.660","0","0","0","0","14204","0","0","0","N","0","0","0","1","68G07","0","","1.0","811.0","1","N","N","N","0","","0","0","0","","0","Y","","1","0","0","0","0","0","0","2","0","1","03","","","N","","","","","","","","","",""
"2024113472","1830","1","0","0","0","0","0","0","0","0","7","0","","14","12","2024","1","40.819861","-77.823972","1820","2","0","0","0","0","0","0","0","0","","0","0","0","","","0","N","0","","40 49:11.500","","0","77 49:26.300","0","0","0","0","14204","0","0","0","N","0","0","0","1","14410","0","","5.0","","7","","","N","0","","0","0","0","","0","","","1","0","0","0","0","0","0","2","0","1","10","09","","N","","","","","","","","","",""
"2024113902","2101","0","0","0","0","0","0","0","0","0","8","0","","14","12","2024","2","40.808461","-77.892214","2100","2","0","0","0","0","0","0","0","0","","0","0","0","","","1","N","0","","40 48:30.461","","7","77 53:31.970","8","0","0","0","14206","1","0","0","N","1","0","0","2","14206","0","","1.0","","9","N","N","N","0","","0","0","0","","0","","","2","1","0","0","0","1","1","2","1","1","07","04","","N","","","","","","","","","",""
"2024116157","1725","1","0","0","0","0","0","0","0","0","1","0","","14","12","2024","4","40.942175","-77.72566","1720","2","0","0","0","0","1","0","0","0","","0","0","0","","","1","","7","","40 56:31.829","","2","77 43:32.376","4","0","0","0","14221","0","0","0","N","0","0","0","3","14221","1","","1.0","","9","N","N","Y","0","","0","0","2","","0","","","3","1","0","0","0","0","0","1","0","3","07","","","N","","","","","","","","","",""
"2024118135","0104","0","0","0","0","0","0","0","0","0","98","0","","14","12","2024","7","40.988053","-78.030059","0045","2","0","0","0","0","0","0","0","0","","0","0","0","","","0","N","0","","40 59:16.990","","0","78 01:48.214","0","0","0","0","14220","0","0","0","N","0","0","0","1","68G07","0","","1.0","","1","N","N","N","0","","0","0","1","","0","","","1","0","0","0","0","0","0","1","0","1","03","","","N","","","","","","","","","",""
"2024118554","1616","0","0","0","0","0","0","0","0","0","4","0","","14","12","2024","1","40.771634","-77.864135","1600","2","0","0","0","0","0","1","0","0","","0","0","0","","","1","","1","","40 46:17.882","","0","77 51:50.886","4","0","0","0","14410","0","0","0","N","0","0","0","2","14410","1","","1.0","","2","N","N","N","0","","0","0","2","","3","","","2","1","0","0","0","0","0","2","0","2","03","","","N","","","","","","","","","",""
"2024113533","1948","1","0","0","0","0","0","0","0","0","7","0","","14","12","2024","1","40.825248","-77.858228","1927","2","0","0","0","0","0","0","0","0","","0","0","0","","","0","N","0","","40 49:30.891","","0","77 51:29.622","0","0","0","0","14204","0","0","0","N","0","0","0","3","14410","0","","5.0","","7","N","N","N","0","","0","0","0","","0","","","1","0","0","0","0","0","0","1","0","1","10","","","N","","","","","","","","","",""
"2024096991","0703","0","0","0","0","0","0","0","0","0","98","0","","14","10","2024","5","40.794693","-77.733506","0653","2","0","0","0","0","0","0","0","0","","0","0","0","","","0","N","0","","40 47:40.896","","0","77 44:00.621","0","0","0","0","14210","0","0","0","N","0","0","0","2","14410","0","","1.0","","1","N","N","N","0","","0","0","1","","0","","","1","0","0","0","0","0","0","1","0","1","03","03","","N","","","","","","","","","",""
"2024118172","1825","1","0","0","0","0","0","0","0","0","4","0","","14","12","2024","7","40.794347","-77.859121","1824","2","0","0","0","0","0","2","0","0","","0","0","0","","","1","","1","","40 47:39.648","3","0","77 51:32.837","3","0","0","0","14410","0","0","0","N","0","0","0","4","14410","0","","1.0","1850.0","1","N","N","N","0","","1","0","1","","2","N","","2","1","0","0","0","0","0","2","0","2","03","03","","N","","","","","","","","","",""
"2024118699","0851","0","0","0","0","0","0","0","0","0","7","0","","14","12","2024","6","40.807723","-78.060589","0848","2","0","0","0","0","0","0","0","0","","0","0","0","","","0","N","0","","40 48:27.804","","0","78 03:38.122","0","0","0","0","14225","0","0","0","N","0","0","0","1","68G07","0","","4.0","","7","N","N","N","0","","0","0","1","","0","","","1","0","0","0","0","0","0","1","0","1","10","","","N","","","","","","","","","",""
"2024094779","0808","1","0","0","0","0","0","0","0","0","1","0","","14","10","2024","6","40.822998","-77.944225","0803","2","0","0","0","0","0","0","0","0","","0","0","0","","","2","N","0","","40 49:22.794","","0","77 56:39.211","8","0","0","0","14216","0","0","0","N","0","0","0","3","14216","0","","1.0","","1","N","N","N","0","","0","0","1","","0","","","2","2","0","0","0","2","0","1","0","2","03","","","N","","","","","","","","","",""
"2024095348","1008","2","0","0","0","0","0","0","0","0","4","0","","14","10","2024","1","40.790823","-77.863789","1004","2","0","0","0","0","0","0","0","0","","0","0","0","","","0","","1","","40 47:26.962","","0","77 51:49.639","0","0","0","0","14410","0","0","0","N","0","0","0","2","14410","0","","1.0","","1","N","N","N","0","","0","0","0","","2","","","2","0","0","0","0","0","0","2","0","2","03","03","","N","","","","","","","","","",""
"2024094722","1816","1","0","0","1","0","0","0","0","0","8","0","","14","10","2024","4","40.905151","-77.4231","1740","2","0","0","0","0","0","0","1","0","","0","0","0","","","1","N","0","","40 54:18.543","","0","77 25:23.160","3","0","0","0","14208","1","0","0","N","0","0","0","2","68G07","0","","1.0","","1","N","N","N","0","","1","0","0","","0","","","2","1","0","0","0","0","0","1","0","1","03","","","N","","","","","","","","","",""
"2024094060","1241","1","0","0","0","0","0","0","0","0","4","0","","14","10","2024","4","40.84419","-77.79491","1227","2","0","0","0","0","0","0","0","1","","0","0","0","","","0","N","0","","40 50:39.083","","7","77 47:41.675","0","0","0","0","14204","0","0","0","N","0","0","0","2","14410","0","","1.0","","1","N","N","N","0","","0","0","1","","0","","","2","0","0","0","0","0","0","1","0","2","03","","","N","","","","","","","","","",""