"CRN","ARRIVAL_TM","AUTOMOBILE_COUNT","BELTED_DEATH_COUNT","BELTED_SUSP_SERIOUS_INJ_COUNT","BICYCLE_COUNT","BICYCLE_DEATH_COUNT","BICYCLE_SUSP_SERIOUS_INJ_COUNT","BUS_COUNT","CHLDPAS_DEATH_COUNT","CHLDPAS_SUSP_SERIOUS_INJ_COUNT","COLLISION_TYPE","COMM_VEH_COUNT","CONS_ZONE_SPD_LIM","COUNTY","CRASH_MONTH","CRASH_YEAR","DAY_OF_WEEK","DEC_LATITUDE","DEC_LONGITUDE","DISPATCH_TM","DISTRICT","DRIVER_COUNT_16YR","DRIVER_COUNT_17YR","DRIVER_COUNT_18YR","DRIVER_COUNT_19YR","DRIVER_COUNT_20YR","DRIVER_COUNT_50_64YR","DRIVER_COUNT_65_74YR","DRIVER_COUNT_75PLUS","EST_HRS_CLOSED","FATAL_COUNT","HEAVY_TRUCK_COUNT","HORSE_BUGGY_COUNT","HOUR_OF_DAY","ILLUMINATION","INJURY_COUNT","INTERSECTION_RELATED","INTERSECT_TYPE","LANE_CLOSED","LATITUDE","LN_CLOSE_DIR","LOCATION_TYPE","LONGITUDE","MAX_SEVERITY_LEVEL","MCYCLE_DEATH_COUNT","MCYCLE_SUSP_SERIOUS_INJ_COUNT","MOTORCYCLE_COUNT","MUNICIPALITY","NONMOTR_COUNT","NONMOTR_DEATH_COUNT","NONMOTR_SUSP_SERIOUS_INJ_COUNT","NTFY_HIWY_MAINT","PED_COUNT","PED_DEATH_COUNT","PED_SUSP_SERIOUS_INJ_COUNT","PERSON_COUNT","POLICE_AGCY","POSSIBLE_INJ_COUNT","RDWY_SURF_TYPE_CD","RELATION_TO_ROAD","ROADWAY_CLEARED","ROAD_CONDITION","SCH_BUS_IND","SCH_ZONE_IND","SECONDARY_CRASH","SMALL_TRUCK_COUNT","SPEC_JURIS_CD","SUSP_MINOR_INJ_COUNT","SUSP_SERIOUS_INJ_COUNT","SUV_COUNT","TCD_FUNC_CD","TCD_TYPE","TFC_DETOUR_IND","TIME_OF_DAY","TOTAL_UNITS","TOT_INJ_COUNT","UNBELTED_OCC_COUNT","UNB_DEATH_COUNT","UNB_SUSP_SERIOUS_INJ_COUNT","UNK_INJ_DEG_COUNT","UNK_INJ_PER_COUNT","URBAN_RURAL","VAN_COUNT","VEHICLE_COUNT","WEATHER1","WEATHER2","WORKERS_PRES","WORK_ZONE_IND","WORK_ZONE_LOC","WORK_ZONE_TYPE","WZ_CLOSE_DETOUR","WZ_FLAGGER","WZ_LAW_OFFCR_IND","WZ_LN_CLOSURE","WZ_MOVING","WZ_OTHER","WZ_SHLDER_MDN","WZ_WORKERS_INJ_KILLED"
"2024095187","0716","0","0","0","0","0","0","0","0","0","98","0","","14","10","2024","6","40.806114","-78.062431","0716","2","0","0","0","0","0","0","0","0","","0","0","0","","","0","N","0","","40 48:22.010","","0","78 03:44.750","0","0","0","0","14225","0","0","0","N","0","0","0","1","68G07","0","","1.0","","1","N","N","N","0","","0","0","0","","0","","","1","0","0","0","0","0","0","1","1","1","03","03","","N","","","","","","","","","",""
"2024096356","2224","0","0","0","0","0","0","0","0","0","7","0","","14","10","2024","1","40.851824","-77.593998","2209","2","0","0","0","1","0","0","0","0","","0","0","0","","","0","N","0","","40 51:06.566","4","0","77 35:38.391","0","0","0","0","14207","0","0","0","N","0","0","0","2","68G07","0","","5.0","100.0","1","N","N","N","1","","0","0","0","","0","N","","1","0","0","0","0","0","0","1","0","1","03","","","N","","","","","","","","","",""
"2024096985","0718","0","0","0","0","0","0","0","0","0","1","0","","14","10","2024","4","40.86707","-77.780442","0712","2","0","0","0","0","0","1","0","0","","0","0","0","","","0","","2","","40 52:01.451","","0","77 46:49.592","0","0","0","0","14201","0","0","0","N","0","0","0","2","68G07","0","","1.0","","1","N","N","N","1","","0","0","0","","0","","","2","0","0","0","0","0","0","2","1","2","03","","","N","","","","","","","","","",""
"2024093697","1947","2","0","0","0","0","0","0","0","0","4","0","","14","10","2024","3","40.802858","-77.884933","1938","2","0","0","0","0","0","1","0","0","","0","0","0","","","0","N","0","","40 48:10.288","1","7","77 53:05.758","0","0","0","0","14206","0","0","0","N","0","0","0","2","14206","0","","1.0","2016.0","1","N","N","N","0","","0","0","0","","3","N","","2","0","0","0","0","0","0","2","0","2","03","","","N","","","","","","","","","",""
"2024096416","1311","0","0","0","0","0","0","0","0","0","0","0","","14","10","2024","2","40.830509","-78.224868","1241","2","0","0","0","0","0","0","0","0","","0","0","0","","","1","N","0","","40 49:49.834","","0","78 13:29.526","3","0","0","0","14219","0","0","0","N","0","0","0","1","68G07","0","","4.0","","1","N","N","N","1","","1","0","0","","0","","","1","1","0","0","0","0","0","1","0","1","03","03","","N","","","","","","","","","",""
"2024094637","0742","0","0","0","0","0","0","0","0","0","98","0","","14","10","2024","4","40.849524","-78.148474","0709","2","0","0","0","0","0","0","0","0","","0","0","0","","","0","N","0","","40 50:58.288","3","0","78 08:54.505","0","0","0","0","14219","0","0","0","N","0","0","0","1","68G07","0","","1.0","748.0","1","N","N","N","0","","0","0","1","","0","N","","1","0","0","0","0","0","0","1","0","1","03","","","N","","","","","","","","","",""
"2024096554","0941","1","0","0","0","0","0","0","0","0","7","0","","14","10","2024","5","40.827056","-77.686041","0936","2","0","0","0","0","0","0","0","0","","0","0","0","","","1","N","0","","40 49:37.402","4","0","77 41:09.749","4","0","0","0","14218","0","0","0","N","0","0","0","1","68G07","1","","4.0","1100.0","1","N","N","N","0","","0","0","0","","0","N","","1","1","0","0","0","0","0","1","0","1","03","","","N","","","","","","","","","",""
"2024093650","1430","0","0","0","0","0","0","0","0","0","6","0","","14","10","2024","3","40.800821","-77.879015","1421","2","0","0","0","0","0","0","0","0","","0","0","0","","","0","N","0","","40 48:02.957","5","0","77 52:44.455","0","0","0","0","14410","0","0","0","N","0","0","0","3","14410","0","","1.0","1510.0","1","N","N","N","0","","0","0","2","","0","N","","2","0","0","0","0","0","0","2","0","2","03","03","","N","","","","","","","","","",""
"2024097087","1229","1","0","0","0","0","0","0","0","0","2","0","","14","10","2024","5","40.809076","-77.833696","1227","2","0","0","0","0","0","0","0","0","","0","0","0","","","2","N","1","","40 48:32.675","3","0","77 50:01.305","3","0","0","0","14204","0","0","0","Y","0","0","0","2","14410","0","","1.0","1303.0","1","N","N","N","1","","2","0","0","","2","Y","","2","2","0","0","0","0","0","2","0","2","03","","","N","","","","","","","","","",""
"2024094820","0831","0","0","0","0","0","0","0","0","0","5","0","","14","10","2024","6","40.916289","-77.757146","0829","2","0","0","0","0","0","0","0","0","","0","0","0","","","1","N","0","","40 54:58.639","6","0","77 45:25.727","4","0","0","0","14401","0","0","0","N","0","0","0","1","14401","1","","6.0","937.0","1","N","N","N","0","","0","0","2","","0","Y","","2","1","0","0","0","0","0","2","0","2","03","","","N","","","","","","","","","",""
"2024095602","1100","0","0","0","0","0","0","0","0","0","7","0","","14","10","2024","1","40.833688","-77.979386","1048","2","1","0","0","0","0","0","0","0","","0","0","0","","","1","N","0","","40 50:01.275","","0","77 58:45.790","4","0","0","0","14212","0","0","0","N","0","0","0","1","68G07","1","","4.0","","1","N","N","N","0","","0","0","1","","0","","","1","1","0","0","0","0","0","1","0","1","03","","","N","","","","","","","","","",""
"2024088042","2208","1","0","0","0","0","0","0","0","0","8","0","","14","10","2024","2","40.792694","-77.863951","2208","2","0","0","0","0","0","0","0","0","","0","0","0","","","1","","1","","40 47:33.698","","0","77 51:50.224","3","0","0","0","14410","1","0","0","N","1","0","0","2","14410","0","","1.0","","1","N","N","N","0","","1","0","0","","2","","","2","1","0","0","0","0","0","2","0","1","03","03","","N","","","","","","","","","",""
"2024091225","0829","2","0","0","0","0","0","0","0","0","0","0","","14","10","2024","3","40.940971","-77.727972","0816","2","0","0","0","2","0","0","0","0","","0","0","0","","","0","N","0","","40 56:27.495","","0","77 43:40.698","0","0","0","0","14221","0","0","0","N","0","0","0","5","14221","0","","1.0","","1","N","N","N","0","","0","0","1","","0","","","3","0","0","0","0","0","0","1","0","3","03","03","","N","","","","","","","","","",""
"2024095378","1109","2","0","0","0","0","0","0","0","0","1","0","","14","10","2024","6","40.799438","-77.854998","1100","2","0","0","0","0","0","0","1","0","","0","0","0","","","0","","2","","40 47:57.975","3","0","77 51:17.991","0","0","0","0","14410","0","0","0","N","0","0","0","2","14410","0","","1.0","1130.0","1","N","N","N","0","","0","0","0","","0","N","","2","0","0","0","0","0","0","2","0","2","03","03","","N","","","","","","","","","",""
"2024095060","0715","1","0","0","0","0","0","0","0","0","8","0","","14","10","2024","4","40.842376","-77.680933","0712","2","0","0","0","0","0","0","0","0","","0","0","0","","","1","","2","","40 50:32.555","5","0","77 40:51.358","8","0","0","0","14402","1","0","0","N","1","0","0","2","68G07","0","","1.0","750.0","1","N","N","N","0","","0","0","0","","0","Y","","2","1","0","0","0","1","0","1","0","1","03","03","","N","","","","","","","","","",""
"2024095451","1732","2","0","0","0","0","0","0","0","0","1","0","","14","10","2024","4","40.862867","-77.788239","1732","2","0","0","0","0","0","0","1","0","","0","0","0","","","0","N","0","","40 51:46.320","1","0","77 47:17.660","0","0","0","0","14201","0","0","0","N","0","0","0","2","68G07","0","","1.0","1830.0","1","N","N","Y","0","","0","0","0","","0","N","","2","0","0","0","0","0","0","1","0","2","03","","","N","","","","","","","","","",""
"2024097131","1735","1","0","0","0","0","0","0","0","0","1","0","","14","10","2024","2","40.864496","-77.787087","1734","2","0","0","0","0","1","0","0","0","","0","0","0","","","0","N","0","","40 51:52.185","","0","77 47:13.514","0","0","0","0","14201","0","0","0","N","0","0","0","3","68G07","0","","1.0","","1","N","N","N","0","","0","0","1","","0","","","2","0","0","0","0","0","0","1","0","2","03","","","N","","","","","","","","","",""
"2024097024","0840","1","0","0","0","0","0","0","0","0","1","0","","14","10","2024","5","40.77625","-77.894111","0834","2","0","0","0","0","0","0","0","0","","0","0","0","","","0","N","0","","40 46:34.500","1","0","77 53:38.800","0","0","0","0","14206","0","0","0","N","0","0","0","2","14206","0","","1.0","900.0","1","N","N","N","1","","0","0","0","","0","N","","2","0","0","0","0","0","0","2","0","2","03","03","","N","","","","","","","","","",""
"2024115329","1523","1","0","0","0","0","0","0","0","0","98","0","","14","12","2024","4","40.92981","-77.782913","1506","2","0","0","0","0","0","1","0","1","","0","0","0","","","0","N","0","","40 55:47.316","2","0","77 46:58.487","0","0","0","0","14221","0","0","0","N","0","0","0","2","68G07","0","","1.0","1615.0","9","N","N","N","0","","0","0","1","","0","N","","2","0","0","0","0","0","0","1","0","2","07","04","","N","","","","","","","","","",""
"2024096564","1913","0","0","0","0","0","0","0","0","0","98","0","","14","10","2024","1","40.77011","-78.095306","1849","2","0","0","0","0","0","0","0","0","","0","0","0","","","0","N","0","","40 46:12.397","","0","78 05:43.102","0","0","0","0","14222","0","0","0","N","0","0","0","4","68G07","0","","1.0","","1","N","N","N","1","","0","0","0","","0","","","1","0","0","0","0","0","0","1","0","1","03","","","N","","","","","","","","","",""
"2024092331","1711","1","0","0","0","0","0","0","0","0","4","0","","14","10","2024","6","40.785287","-77.902683","1708","2","0","0","0","0","0","1","1","0","","0","0","0","","","0","","1","","40 47:07.034","","0","77 54:09.658","0","0","0","0","14206","0","0","0","N","0","0","0","4","14206","0","","1.0","","1","N","N","N","0","","0","0","1","","3","","","2","0","0","0","0","0","0","2","0","2","03","","","N","","","","","","","","","",""
"2024095584","1750","2","0","0","0","0","0","0","0","0","1","0","","14","10","2024","5","40.897823","-77.788627","1744","2","0","1","0","0","0","0","0","1","","0","0","0","","","3","N","0","","40 53:52.163","1","0","77 47:19.058","3","0","0","0","14201","0","0","0","N","0","0","0","4","68G07","0","","1.0","1835.0","1","N","N","N","0","","3","0","1","","0","N","","3","3","0","0","0","0","0","2","0","3","03","03","","N","","","","","","","","","",""
"2024090777","1508","0","0","0","0","0","0","0","0","0","4","0","","14","10","2024","1","40.908833","-77.780844","1502","2","0","0","0","0","0","0","0","0","","0","0","0","","","0","N","0","","40 54:31.800","","7","77 46:51.037","0","0","0","0","14401","0","0","0","N","0","0","0","5","14401","0","","1.0","","1","N","N","N","0","","0","0","2","","0","","","2","0","0","0","0","0","0","2","0","2","03","03","","N","","","","","","","","","",""
"2024094440","1259","0","0","0","1","0","0","0","0","0","8","0","","14","10","2024","5","40.788456","-77.848735","1257","2","0","0","0","0","0","1","0","0","","0","0","0","","","1","","1","","40 47:18.441","3","0","77 50:55.446","3","0","0","0","14410","1","0","0","N","0","0","0","2","14410","0","","1.0","1329.0","1","N","N","N","1","","1","0","0","","3","Y","","2","1","0","0","0","0","0","2","0","1","03","03","","N","","","","","","","","","",""
"2024095277","0713","1","0","0","0","0","0","0","0","0","7","0","","14","10","2024","1","40.8264","-77.844025","0713","2","0","0","0","0","0","0","0","0","","0","0","0","","","0","N","0","","40 49:35.041","2","3","77 50:38.490","0","0","0","0","14204","0","0","0","N","0","0","0","1","68G07","0","","2.0","753.0","1","N","N","N","0","","0","0","0","","0","N","","1","0","0","0","0","0","0","1","0","1","03","","","N","","","","","","","","","",""
"2024095177","0647","0","0","0","0","0","0","0","0","0","98","0","","14","10","2024","3","40.818653","-77.900497","0630","2","0","0","0","0","0","1","0","0","","0","0","0","","","0","N","0","","40 49:07.151","","0","77 54:01.788","0","0","0","0","14216","0","0","0","N","0","0","0","1","68G07","0","","1.0","","98","N","N","N","0","","0","0","1","","0","","","1","0","0","0","0","0","0","2","0","1","03","","","N","","","","","","","","","",""
"2024092578","1015","1","0","0","0","0","0","0","0","0","8","0","","14","10","2024","1","40.797983","-77.856902","1012","2","0","0","0","0","0","0","0","0","","0","0","0","","","1","","1","","40 47:52.740","4","0","77 51:24.846","8","0","0","0","14410","1","0","0","N","1","0","0","2","14410","0","","1.0","1045.0","1","N","N","N","0","","0","0","0","","2","Y","","2","1","0","0","0","1","0","2","0","1","03","03","","N","","","","","","","","","",""
"2024096246","1443","2","0","0","0","0","0","0","0","0","2","0","","14","10","2024","3","40.842268","-77.79636","1439","2","0","0","0","0","0","1","0","2","","0","0","0","","","3","N","0","","40 50:32.165","","0","77 47:46.896","3","0","0","0","14204","0","0","0","N","0","0","0","4","14410","0","","1.0","","1","N","N","Y","0","","3","0","1","","0","","","3","3","0","0","0","0","0","1","0","3","03","","","N","","","","","","","","","",""
"2024096045","0646","1","0","0","0","0","0","0","0","0","98","0","","14","10","2024","6","40.841649","-78.132895","0616","2","0","0","0","0","0","0","0","0","","0","0","0","","","0","N","0","","40 50:29.936","","0","78 07:58.422","0","0","0","0","14219","0","0","0","N","0","0","0","1","68G07","0","","1.0","","1","N","N","N","0","","0","0","0","","0","","","1","0","0","0","0","0","0","1","0","1","03","","","N","","","","","","","","","",""
"2024096966","0556","0","0","0","0","0","0","0","0","0","98","0","","14","10","2024","3","40.823338","-78.103835","0546","2","0","0","0","0","0","0","0","0","","0","0","0","","","0","N","0","","40 49:24.015","3","0","78 06:13.805","0","0","0","0","14225","0","0","0","N","0","0","0","7","68G07","0","","1.0","631.0","1","N","N","N","0","","0","0","1","","0","N","","1","0","0","0","0","0","0","1","0","1","03","","","N","","","","","","","","","",""
"2024094163","0941","1","0","0","0","0","0","0","0","0","4","0","25","14","10","2024","4","40.898383","-78.224658","0924","2","0","0","0","0","0","0","0","0","","0","0","0","","","0","N","0","","40 53:54.180","1","0","78 13:28.770","0","0","0","0","14406","0","0","0","N","0","0","0","4","68G07","0","","1.0","1030.0","1","N","N","N","0","","0","0","1","","0","N","","2","0","0","0","0","0","0","2","0","2","03","","N","Y","2","2","","","N","Y","","","","N"
"2024095661","0740","0","0","0","0","0","0","0","0","0","7","0","","14","10","2024","2","40.815795","-77.898951","0736","2","0","0","0","0","0","0","0","1","","0","0","0","","","1","N","0","","40 48:56.863","","0","77 53:56.222","8","0","0","0","14216","0","0","0","N","0","0","0","1","14216","0","","5.0","","1","N","N","N","1","","0","0","0","","0","","","1","1","0","0","0","1","0","2","0","1","03","","","N","","","","","","","","","",""
"2024096956","1530","0","0","0","0","0","0","0","0","0","7","1","","14","10","2024","2","41.148389","-77.905704","1502","2","0","0","0","0","0","0","0","0","","0","1","0","","","1","N","0","","41 08:54.201","5","0","77 54:20.533","3","0","0","0","14203","0","0","0","N","0","0","0","1","68G07","0","","4.0","1700.0","1","N","N","N","0","","1","0","0","","0","N","","1","1","0","0","0","0","0","1","0","1","03","","","N","","","","","","","","","",""
"2024094089","1558","0","0","0","0","0","0","0","0","0","0","0","","14","10","2024","3","40.800292","-77.877766","1550","2","0","0","0","0","0","0","0","0","","0","0","0","","","1","N","0","","40 48:01.052","","0","77 52:39.957","3","0","0","1","14410","0","0","0","N","0","0","0","1","14410","0","","1.0","","1","N","N","N","0","","1","0","0","","0","","","1","1","0","0","0","0","0","2","0","1","03","03","","N","","","","","","","","","",""
"2024096109","0653","0","0","0","0","0","0","0","0","0","98","0","","14","10","2024","2","40.829677","-77.987966","0653","2","0","0","0","0","0","1","0","0","","0","0","0","","","0","N","0","","40 49:46.837","1","0","77 59:16.679","0","0","0","0","14212","0","0","0","N","0","0","0","1","68G07","0","","1.0","730.0","1","N","N","N","0","","0","0","1","","0","N","","1","0","0","0","0","0","0","1","0","1","03","","","N","","","","","","","","","",""
"2024093340","1114","0","0","0","0","0","0","0","0","0","4","0","","14","10","2024","6","40.778348","-78.041804","1047","2","0","0","0","1","0","1","0","0","","0","0","0","","","0","","3","","40 46:42.051","1","0","78 02:30.495","0","0","0","0","14209","0","0","0","N","0","0","0","3","68G07","0","","1.0","1215.0","1","N","N","N","1","","0","0","1","","3","N","","2","0","0","0","0","0","0","1","0","2","03","03","","N","","","","","","","","","",""
"2024093502","0938","1","0","0","0","0","0","0","0","0","4","0","","14","10","2024","3","40.831713","-77.804163","0934","2","0","0","0","0","0","1","0","0","","0","0","0","","","1","","2","","40 49:54.167","3","7","77 48:14.986","3","0","0","0","14204","0","0","0","N","0","0","0","2","14410","0","","1.0","1022.0","1","N","N","N","0","","1","0","1","","2","N","","2","1","0","0","0","0","0","2","0","2","03","03","","N","","","","","","","","","",""
"2024092654","0730","1","0","0","0","0","0","0","0","0","4","0","","14","10","2024","3","40.892502","-77.470513","0714","2","0","0","0","0","0","0","0","0","","0","0","0","","","0","","1","","40 53:33.006","4","0","77 28:13.846","0","0","0","0","14405","0","0","0","N","0","0","0","2","68G07","0","","1.0","30.0","1","N","N","N","0","","0","0","1","","3","N","","2","0","0","0","0","0","0","1","0","2","05","","","N","","","","","","","","","",""
"2024092830","1511","0","0","0","0","0","0","0","0","0","0","0","","14","10","2024","1","40.811815","-78.046393","1456","2","0","0","0","0","0","1","0","0","","0","0","0","","","1","N","0","","40 48:42.533","2","0","78 02:47.015","2","0","1","1","14225","0","0","0","N","0","0","0","1","68G07","0","","1.0","1545.0","1","N","N","N","0","","0","1","0","","0","N","","1","1","0","0","0","0","0","1","0","1","03","98","","N","","","","","","","","","",""
"2024092317","1027","1","0","0","0","0","0","0","0","0","4","0","","14","10","2024","7","40.796854","-77.855729","1025","2","0","0","0","0","0","1","0","0","","0","0","0","","","0","","1","","40 47:48.674","3","0","77 51:20.626","0","0","0","0","14410","0","0","0","N","0","0","0","2","14410","0","","1.0","1050.0","1","N","N","N","1","","0","0","0","","2","N","","2","0","0","0","0","0","0","2","0","2","03","03","","N","","","","","","","","","",""
"2024092874","0840","1","0","0","0","0","0","0","0","0","7","0","","14","10","2024","6","40.833915","-77.818257","0826","2","0","0","0","0","0","1","0","0","","0","0","0","","","0","N","0","","40 50:02.095","","0","77 49:05.724","0","0","0","0","14204","0","0","0","N","0","0","0","1","14410","0","","5.0","","1","N","N","N","0","","0","0","0","","0","","","1","0","0","0","0","0","0","2","0","1","03","03","","N","","","","","","","","","",""
"2024092672","0645","0","0","0","0","0","0","0","0","0","2","0","","14","10","2024","4","41.041615","-77.686189","0630","2","0","0","0","0","0","1","1","0","","0","0","0","","","2","N","0","","41 02:29.815","","0","77 41:10.281","4","0","0","0","14211","0","0","0","N","0","0","0","3","68G07","2","","1.0","","1","N","N","N","1","","0","0","1","","0","","","2","2","0","0","0","0","0","1","0","2","03","","","N","","","","","","","","","",""
"2024096402","0302","0","0","0","0","0","0","0","0","0","7","0","","14","10","2024","1","40.945092","-78.136847","0224","2","0","0","0","0","0","0","0","0","","0","0","0","","","2","N","0","","40 56:42.330","5","0","78 08:12.650","2","0","0","0","14219","0","0","0","N","0","0","0","2","68G07","1","","5.0","430.0","1","N","N","N","0","","0","1","0","","0","N","","1","2","0","0","0","0","0","1","0","1","03","","","N","","","","","","","","","",""
"2024095744","1628","2","0","0","0","0","0","0","0","0","4","0","","14","10","2024","2","40.839498","-77.804827","1617","2","0","0","1","0","0","0","1","0","","0","0","0","","","1","","1","","40 50:22.192","","0","77 48:17.378","3","0","0","0","14204","0","0","0","N","0","0","0","2","14410","0","","1.0","","1","N","N","N","0","","1","0","0","","3","","","2","1","0","0","0","0","0","1","0","2","03","","","N","","","","","","","","","",""
"2024095192","0700","1","0","0","0","0","0","0","0","0","4","0","","14","10","2024","7","40.983121","-77.246251","0627","2","0","0","0","0","0","0","1","0","","0","0","0","","","0","N","0","","40 58:59.236","3","0","77 14:46.502","0","0","0","0","14215","0","0","0","N","0","0","0","2","68G07","0","","1.0","800.0","1","N","N","N","0","","0","0","1","","0","N","","2","0","0","0","0","0","0","1","0","2","03","","","N","","","","","","","","","",""
"2024096017","0400","0","0","0","0","0","0","0","0","0","0","1","","14","10","2024","4","40.946874","-77.716624","0354","2","0","0","0","0","0","0","0","0","","0","1","0","","","0","","2","","40 56:48.745","4","2","77 42:59.847","0","0","0","0","14214","0","0","0","N","0","0","0","1","68G07","0","","1.0","700.0","1","N","N","N","0","","0","0","0","","2","Y","","1","0","0","0","0","0","0","1","0","1","03","03","","N","","","","","","","","","",""
"2024097012","0737","0","0","0","0","0","0","0","0","0","8","0","","14","10","2024","5","40.790806","-77.866455","0736","2","0","0","0","0","0","0","0","0","","0","0","0","","","1","","1","","40 47:26.902","","0","77 51:59.239","3","0","0","0","14410","1","0","0","N","1","0","0","2","14410","0","","1.0","","1","N","N","N","1","","1","0","0","","3","","","2","1","0","0","0","0","1","2","0","1","03","03","","N","","","","","","","","","",""
"2024096384","","0","0","0","0","0","0","0","0","0","4","0","","14","10","2024","6","40.956402","-77.768027","","2","0","0","0","0","0","1","0","1","","0","0","0","","","0","","7","","40 57:23.046","","0","77 46:04.898","0","0","0","0","14202","0","0","0","N","0","0","0","2","68G07","0","","1.0","","1","N","N","N","1","","0","0","1","","0","","","2","0","0","0","0","0","0","1","0","2","03","03","","N","","","","","","","","","",""
"2024112872","","0","0","0","0","0","0","0","0","0","1","0","","14","12","2024","6","40.7314","-77.89463","","2","0","0","0","0","0","1","0","0","","0","0","0","","","2","N","0","","40 43:53.041","6","0","77 53:40.669","4","0","0","0","14206","0","0","0","Y","0","0","0","2","14206","2","","1.0","1714.0","1","N","N","N","0","","0","0","2","","0","Y","","2","2","0","0","0","0","0","1","0","2","03","","","N","","","","","","","","","",""
"2024116002","","0","0","0","0","0","0","0","0","0","98","0","","14","12","2024","7","40.797023","-77.66778","","2","0","0","0","0","0","1","0","0","","0","0","0","","","0","N","0","","40 47:49.281","","0","77 40:04.009","0","0","0","0","14218","0","0","0","N","0","0","0","1","68G07","0","","1.0","","1","N","N","N","0","","0","0","1","","0","","","1","0","0","0","0","0","0","1","0","1","04","","","N","","","","","","","","","",""
"2024108658","","1","0","0","0","0","0","0","0","0","8","0","","14","12","2024","1","40.808526","-77.900371","","2","0","0","0","0","0","0","0","0","","0","0","0","","","1","","1","","40 48:30.693","2","0","77 54:01.334","8","0","0","0","14216","1","0","0","N","1","0","0","2","14216","0","","1.0","935.0","1","N","N","N","0","","0","0","0","","2","N","","2","1","0","0","0","1","0","2","0","1","03","","","N","","","","","","","","","",""
"2024113401","","1","0","0","0","0","0","0","0","0","7","0","","14","12","2024","1","40.80259","-77.888124","","2","0","0","0","0","0","0","0","0","","0","0","0","","","0","N","0","","40 48:09.323","2","7","77 53:17.245","0","0","0","0","14206","0","0","0","N","0","0","0","2","14206","0","","4.0","1613.0","7","N","N","N","0","","0","0","0","","0","Y","","1","0","0","0","0","0","0","2","0","1","10","","","N","","","","","","","","","",""
"2024118095","","1","0","0","0","0","0","0","0","0","7","0","","14","12","2024","1","40.947231","-77.790003","","2","0","0","0","1","0","0","0","0","","0","0","0","","","0","N","0","","40 56:50.031","","0","77 47:24.012","0","0","0","0","14202","0","0","0","Y","0","0","0","1","68G07","0","","4.0","","7","N","N","N","0","","0","0","0","","0","","","1","0","0","0","0","0","0","2","0","1","02","","","N","","","","","","","","","",""
"2024112782","","2","0","0","0","0","0","0","0","0","4","0","","14","12","2024","1","40.812522","-77.82788","","2","0","0","0","0","0","0","0","0","","0","0","0","","","1","","1","","40 48:45.079","3","8","77 49:40.368","8","0","0","0","14204","0","0","0","Y","0","0","0","2","14410","0","","1.0","1721.0","1","N","N","N","0","","0","0","0","","2","N","","2","1","0","0","0","1","0","2","0","2","03","","","N","","","","","","","","","",""
"2024108877","","1","0","0","0","0","0","0","0","0","1","0","","14","12","2024","2","40.798533","-77.875316","","2","0","0","0","0","0","1","0","0","","0","0","0","","","0","","1","","40 47:54.718","2","0","77 52:31.139","0","0","0","0","14410","0","0","0","N","0","0","0","2","14410","0","","1.0","2102.0","1","N","N","N","0","","0","0","1","","2","N","","2","0","0","0","0","0","0","2","0","2","03","03","","N","","","","","","","","","",""
"2024119144","","1","0","0","0","0","0","0","0","0","7","0","","14","12","2024","1","40.905233","-77.422279","","2","0","0","0","1","0","0","0","0","","0","0","0","","","0","N","0","","40 54:18.840","","0","77 25:20.204","0","0","0","0","14208","0","0","0","N","0","0","0","1","68G07","0","","5.0","","9","N","N","N","0","","0","0","0","","0","","","1","0","0","0","0","0","0","1","0","1","07","","","N","","","","","","","","","",""
"2024116001","","0","0","0","0","0","0","0","0","0","4","1","","14","12","2024","7","40.833483","-77.970096","","2","0","0","0","0","0","0","0","0","","0","1","0","","","1","N","0","","40 50:00.537","","6","77 58:12.346","3","0","0","0","14216","0","0","0","N","0","0","0","2","68G07","0","","1.0","","1","N","N","N","0","","1","0","1","","0","","","2","1","0","0","0","0","0","1","0","2","03","","","N","","","","","","","","","",""
"2024109652","","1","0","0","0","0","0","0","0","0","4","0","","14","12","2024","4","40.798533","-77.875316","","2","0","0","0","0","1","0","0","1","","0","0","0","","","0","","1","","40 47:54.718","2","0","77 52:31.139","0","0","0","0","14410","0","0","0","N","0","0","0","3","14410","0","","1.0","1900.0","9","N","N","N","0","","0","0","1","","2","N","","2","0","0","0","0","0","0","2","0","2","02","","","N","","","","","","","","","",""
"2024114422","","0","0","0","0","0","0","0","0","0","7","0","","14","12","2024","4","40.86729","-77.783962","","2","0","0","0","0","0","0","0","0","","0","0","0","","","0","N","0","","40 52:02.245","1","0","77 47:02.264","0","0","0","0","14201","0","0","0","Y","0","0","0","1","68G07","0","","2.0","1153.0","9","N","N","Y","1","","0","0","0","","0","Y","","1","0","0","0","0","0","0","2","0","1","05","","","N","","","","","","","","","",""
"2024115427","","1","0","0","0","0","0","0","0","0","7","0","","14","12","2024","5","40.801304","-77.754752","","2","0","0","0","0","0","0","0","0","","0","0","0","","","1","N","0","","40 48:04.695","","0","77 45:17.108","3","0","0","0","14210","0","0","0","N","0","0","0","1","14410","0","","5.0","","1","N","N","N","0","","1","0","0","","0","","","1","1","0","0","0","0","0","1","0","1","03","03","","N","","","","","","","","","",""