"CRN","ARRIVAL_TM","AUTOMOBILE_COUNT","BELTED_DEATH_COUNT","BELTED_SUSP_SERIOUS_INJ_COUNT","BICYCLE_COUNT","BICYCLE_DEATH_COUNT","BICYCLE_SUSP_SERIOUS_INJ_COUNT","BUS_COUNT","CHLDPAS_DEATH_COUNT","CHLDPAS_SUSP_SERIOUS_INJ_COUNT","COLLISION_TYPE","COMM_VEH_COUNT","CONS_ZONE_SPD_LIM","COUNTY","CRASH_MONTH","CRASH_YEAR","DAY_OF_WEEK","DEC_LATITUDE","DEC_LONGITUDE","DISPATCH_TM","DISTRICT","DRIVER_COUNT_16YR","DRIVER_COUNT_17YR","DRIVER_COUNT_18YR","DRIVER_COUNT_19YR","DRIVER_COUNT_20YR","DRIVER_COUNT_50_64YR","DRIVER_COUNT_65_74YR","DRIVER_COUNT_75PLUS","EST_HRS_CLOSED","FATAL_COUNT","HEAVY_TRUCK_COUNT","HORSE_BUGGY_COUNT","HOUR_OF_DAY","ILLUMINATION","INJURY_COUNT","INTERSECTION_RELATED","INTERSECT_TYPE","LANE_CLOSED","LATITUDE","LN_CLOSE_DIR","LOCATION_TYPE","LONGITUDE","MAX_SEVERITY_LEVEL","MCYCLE_DEATH_COUNT","MCYCLE_SUSP_SERIOUS_INJ_COUNT","MOTORCYCLE_COUNT","MUNICIPALITY","NONMOTR_COUNT","NONMOTR_DEATH_COUNT","NONMOTR_SUSP_SERIOUS_INJ_COUNT","NTFY_HIWY_MAINT","PED_COUNT","PED_DEATH_COUNT","PED_SUSP_SERIOUS_INJ_COUNT","PERSON_COUNT","POLICE_AGCY","POSSIBLE_INJ_COUNT","RDWY_SURF_TYPE_CD","RELATION_TO_ROAD","ROADWAY_CLEARED","ROAD_CONDITION","SCH_BUS_IND","SCH_ZONE_IND","SECONDARY_CRASH","SMALL_TRUCK_COUNT","SPEC_JURIS_CD","SUSP_MINOR_INJ_COUNT","SUSP_SERIOUS_INJ_COUNT","SUV_COUNT","TCD_FUNC_CD","TCD_TYPE","TFC_DETOUR_IND","TIME_OF_DAY","TOTAL_UNITS","TOT_INJ_COUNT","UNBELTED_OCC_COUNT","UNB_DEATH_COUNT","UNB_SUSP_SERIOUS_INJ_COUNT","UNK_INJ_DEG_COUNT","UNK_INJ_PER_COUNT","URBAN_RURAL","VAN_COUNT","VEHICLE_COUNT","WEATHER1","WEATHER2","WORKERS_PRES","WORK_ZONE_IND","WORK_ZONE_LOC","WORK_ZONE_TYPE","WZ_CLOSE_DETOUR","WZ_FLAGGER","WZ_LAW_OFFCR_IND","WZ_LN_CLOSURE","WZ_MOVING","WZ_OTHER","WZ_SHLDER_MDN","WZ_WORKERS_INJ_KILLED"
"2024118623","","0","0","0","0","0","0","0","0","0","4","1","","14","12","2024","2","40.786777","-77.79783","","2","0","0","0","0","0","1","1","0","","0","1","0","","","0","","2","","40 47:12.397","","0","77 47:52.187","0","0","0","0","14210","0","0","0","N","0","0","0","2","14410","0","","1.0","","1","N","N","N","0","","0","0","1","","0","","","2","0","0","0","0","0","0","2","0","2","04","04","","N","","","","","","","","","",""
"2024109608","","1","0","0","0","0","0","0","0","0","7","0","","14","12","2024","4","40.79948","-77.918873","","2","0","0","0","0","0","0","0","0","","0","0","0","","","0","N","0","","40 47:58.127","6","0","77 55:07.942","0","0","0","0","14216","0","0","0","N","0","0","0","1","14216","0","","5.0","1900.0","7","N","N","N","0","","0","0","0","","0","N","","1","0","0","0","0","0","0","2","0","1","02","10","","N","","","","","","","","","",""
"2024111016","","0","0","0","0","0","0","0","0","0","8","0","","14","12","2024","2","40.804168","-77.890823","","2","0","0","0","0","0","0","0","0","","0","0","0","","","1","N","0","","40 48:15.003","","7","77 53:26.961","2","0","0","0","14206","1","0","1","N","1","0","1","2","14206","0","","6.0","","9","N","N","N","0","","0","1","1","","0","","","2","1","0","0","0","0","0","2","0","1","07","","","N","","","","","","","","","",""
"2024110049","","0","0","0","0","0","0","0","0","0","0","0","","14","12","2024","4","40.782476","-78.068285","","2","0","0","0","0","0","0","0","0","","0","0","0","","","0","N","0","","40 46:56.915","","0","78 04:05.825","0","0","0","0","14225","0","0","0","N","0","0","0","1","68G07","0","","4.0","","7","N","N","N","0","","0","0","1","","0","","","1","0","0","0","0","0","0","1","0","1","02","10","","N","","","","","","","","","",""
"2024114315","","1","0","0","0","0","0","0","0","0","7","0","","14","12","2024","1","40.837178","-78.123603","","2","0","0","0","0","0","1","0","0","","0","0","0","","","1","N","0","","40 50:13.841","4","0","78 07:24.969","8","0","0","0","14219","0","0","0","N","0","0","0","1","68G07","0","","2.0","430.0","1","N","N","N","0","","0","0","0","","0","N","","1","1","0","0","0","1","0","1","0","1","03","","","N","","","","","","","","","",""
"2024111354","","1","0","0","0","0","0","0","0","0","8","0","","14","12","2024","2","40.797983","-77.856902","","2","0","0","0","0","0","0","0","0","","0","0","0","","","1","","1","","40 47:52.740","","0","77 51:24.846","8","0","0","0","14410","1","0","0","N","1","0","0","3","14410","0","","1.0","","9","N","N","N","0","","0","0","0","","2","","","2","1","0","0","0","1","0","2","0","1","07","","","N","","","","","","","","","",""
"2024110266","","2","0","0","0","0","0","0","0","0","4","0","","14","12","2024","6","40.770834","-77.862217","","2","0","0","0","0","0","0","0","1","","0","0","0","","","0","","1","","40 46:15.002","","0","77 51:43.981","0","0","0","0","14410","0","0","0","N","0","0","0","2","14410","0","","1.0","","1","N","N","N","0","","0","0","0","","3","","","2","0","0","0","0","0","0","2","0","2","10","10","","N","","","","","","","","","",""
"2024110051","","0","0","0","0","0","0","0","0","0","7","0","","14","12","2024","4","40.901044","-78.129525","","2","0","0","1","0","0","0","0","0","","0","0","0","","","0","N","0","","40 54:03.760","","0","78 07:46.290","0","0","0","0","14219","0","0","0","N","0","0","0","1","68G07","0","","5.0","","7","N","N","N","0","","0","0","1","","0","","","1","0","0","0","0","0","0","1","0","1","10","","","N","","","","","","","","","",""
"2024109108","","1","0","0","0","0","0","0","0","0","4","0","","14","12","2024","3","40.804746","-77.852223","","2","0","0","0","1","0","0","0","0","","0","0","0","","","0","","1","","40 48:17.084","2","0","77 51:08.001","0","0","0","0","14410","0","0","0","N","0","0","0","2","14410","0","","1.0","1141.0","1","N","N","N","0","","0","0","1","","2","N","","2","0","0","0","0","0","0","2","0","2","03","","","N","","","","","","","","","",""
"2024116227","","0","0","0","0","0","0","0","0","0","98","0","","14","12","2024","1","40.765036","-77.827708","","2","0","0","0","0","0","0","0","0","","0","0","0","","","0","N","0","","40 45:54.130","4","0","77 49:39.748","0","0","0","0","14210","0","0","0","N","0","0","0","1","14410","0","","1.0","1836.0","1","N","N","N","0","","0","0","1","","0","N","","1","0","0","0","0","0","0","1","0","1","03","","","N","","","","","","","","","",""
"2024116081","","1","0","0","0","0","0","0","0","0","1","0","","14","12","2024","7","40.789205","-77.755005","","2","0","0","0","0","0","0","0","0","","0","0","0","","","0","N","0","","40 47:21.137","","0","77 45:18.018","0","0","0","0","14210","0","0","0","N","0","0","0","3","14410","0","","1.0","","1","N","N","N","0","","0","0","1","","0","","","2","0","0","0","0","0","0","1","0","2","03","","","N","","","","","","","","","",""
"2024116309","","1","0","0","0","0","0","0","0","0","7","0","","14","12","2024","4","40.989612","-77.848558","","2","0","0","1","0","0","1","0","0","","0","0","0","","","1","N","0","","40 59:22.602","2","0","77 50:54.810","3","0","0","0","14202","0","0","0","N","0","0","0","4","68G07","0","","2.0","2150.0","7","N","N","N","0","","1","0","1","","0","N","","2","1","0","0","0","0","0","1","0","2","10","","","N","","","","","","","","","",""
"2024113826","","1","0","0","0","0","0","0","0","0","7","0","","14","12","2024","4","40.878939","-77.543839","","2","0","0","1","1","0","0","0","0","","0","0","0","","","0","N","0","","40 52:44.180","6","0","77 32:37.820","0","0","0","0","14207","0","0","0","N","0","0","0","2","68G07","0","","5.0","300.0","9","N","N","Y","1","","0","0","0","","0","Y","","2","0","0","0","0","0","0","1","0","2","03","","","N","","","","","","","","","",""
"2024115653","","1","0","0","0","0","0","0","0","0","7","0","","14","12","2024","4","40.951839","-77.624868","","2","0","0","0","0","0","0","0","0","","0","0","0","","","0","N","0","","40 57:06.619","2","0","77 37:29.523","0","0","0","0","14224","0","0","0","N","0","0","0","1","68G07","0","","5.0","1900.0","7","N","N","N","0","","0","0","0","","0","N","","1","0","0","0","0","0","0","1","0","1","10","02","","N","","","","","","","","","",""
"2024112566","","0","0","0","0","0","0","0","0","0","7","0","","14","12","2024","2","40.801513","-77.722396","","2","0","0","0","0","0","0","0","0","","0","0","0","","","1","N","0","","40 48:05.447","6","0","77 43:20.627","3","0","0","0","14218","0","0","0","Y","0","0","0","1","68G07","0","","2.0","746.0","1","N","N","N","0","","1","0","1","","0","Y","","1","1","0","0","0","0","0","1","0","1","03","","","N","","","","","","","","","",""
"2024114382","","1","0","0","0","0","0","0","0","0","98","0","","14","12","2024","7","40.792822","-78.067395","","2","0","0","0","0","0","0","0","0","","0","0","0","","","0","N","0","","40 47:34.159","","0","78 04:02.623","0","0","0","0","14225","0","0","0","N","0","0","0","2","68G07","0","","1.0","","1","N","N","N","0","","0","0","0","","0","","","1","0","0","0","0","0","0","1","0","1","03","","","N","","","","","","","","","",""
"2024109761","","1","0","0","0","0","0","0","0","0","7","0","","14","12","2024","5","40.814821","-77.961865","","2","0","1","0","0","0","0","0","0","","0","0","0","","","0","N","0","","40 48:53.355","","0","77 57:42.714","0","0","0","0","14216","0","0","0","N","0","0","0","1","14216","0","","5.0","","6","N","N","N","0","","0","0","0","","0","","","1","0","0","0","0","0","0","2","0","1","04","04","","N","","","","","","","","","",""
"2024115850","","0","0","0","0","0","0","0","0","0","7","0","","14","12","2024","6","40.83227","-77.980615","","2","0","0","0","0","0","0","0","0","","0","0","0","","","1","N","0","","40 49:56.173","","0","77 58:50.214","3","0","0","0","14212","0","0","0","N","0","0","0","1","68G07","0","","2.0","","7","N","N","N","0","","1","0","1","","0","","","1","1","0","0","0","0","0","1","0","1","10","02","","N","","","","","","","","","",""
"2024115878","","1","0","0","0","0","0","0","0","0","7","0","","14","12","2024","1","40.911885","-77.783496","","2","0","0","0","0","0","0","0","0","","0","0","0","","","0","N","0","","40 54:42.785","","0","77 47:00.584","0","0","0","0","14401","0","0","0","N","0","0","0","1","14401","0","","5.0","","7","N","N","N","0","","0","0","0","","0","","","1","0","0","0","0","0","0","2","0","1","10","98","","N","","","","","","","","","",""
"2024114734","","1","0","0","0","0","0","0","0","0","4","0","","14","12","2024","4","40.831639","-77.806333","","2","0","0","0","0","0","1","0","0","","0","0","0","","","0","N","0","","40 49:53.900","","7","77 48:22.800","0","0","0","0","14210","0","0","0","N","0","0","0","2","14410","0","","1.0","","9","N","N","N","0","","0","0","1","","3","","","2","0","0","0","0","0","0","2","0","2","07","","","N","","","","","","","","","",""
"2024109676","","3","0","0","0","0","0","0","0","0","4","0","","14","12","2024","4","40.79975","-77.919167","","2","0","0","0","0","0","2","0","0","","0","0","0","","","0","","1","","40 47:59.100","7","0","77 55:09.000","0","0","0","0","14216","0","0","0","N","0","0","0","5","14216","0","","1.0","1920.0","7","N","N","N","0","","0","0","0","","3","Y","","4","0","0","0","0","0","0","2","1","4","02","10","","N","","","","","","","","","",""
"2024117008","","1","0","0","0","0","0","0","0","0","2","1","","14","12","2024","3","41.010418","-77.963024","","2","0","0","0","0","0","1","0","0","","0","1","0","","","0","N","0","","41 00:37.505","4","0","77 57:46.885","0","0","0","0","14220","0","0","0","N","0","0","0","2","68G07","0","","1.0","558.0","7","N","N","N","0","","0","0","0","","0","N","","2","0","0","0","0","0","0","1","0","2","10","","","N","","","","","","","","","",""
"2024108396","","0","0","0","0","0","0","0","0","0","1","0","","14","12","2024","1","40.807896","-77.89521","","2","0","0","0","0","0","0","0","0","","0","0","0","","","0","","1","","40 48:28.424","3","0","77 53:42.756","0","0","0","0","14216","0","0","0","N","0","0","0","2","14216","0","","1.0","1500.0","1","N","N","N","0","","0","0","1","","0","N","","2","0","0","0","0","0","0","2","1","2","03","03","","N","","","","","","","","","",""
"2024116313","","0","0","0","0","0","0","0","0","0","0","0","","14","12","2024","5","40.772306","-78.041616","","2","0","0","0","1","0","0","0","0","","0","0","0","","","0","N","0","","40 46:20.303","1","0","78 02:29.817","0","0","0","0","14209","0","0","0","N","0","0","0","1","68G07","0","","4.0","1330.0","6","N","N","N","0","","0","0","1","","0","N","","1","0","0","0","0","0","0","1","0","1","02","03","","N","","","","","","","","","",""
"2024116188","","0","0","0","0","0","0","0","0","0","1","0","","14","12","2024","1","40.812641","-77.859608","","2","0","0","0","0","0","0","0","1","","0","0","0","","","1","","1","","40 48:45.507","","0","77 51:34.590","3","0","0","0","14204","0","0","0","N","0","0","0","2","14410","0","","1.0","","1","N","N","N","1","","1","0","1","","0","","","2","1","0","0","0","0","0","1","0","2","03","03","","N","","","","","","","","","",""
"2024117001","","1","0","0","0","0","0","0","0","0","7","0","","14","12","2024","1","40.879742","-77.736981","","2","0","0","0","0","0","0","0","0","","0","0","0","","","0","N","0","","40 52:47.070","","0","77 44:13.130","0","0","0","0","14221","0","0","0","Y","0","0","0","1","68G07","0","","5.0","","1","N","N","N","0","","0","0","0","","0","","","1","0","0","0","0","0","0","1","0","1","03","","","N","","","","","","","","","",""
"2024115655","","0","0","0","0","0","0","0","0","0","7","0","","14","12","2024","5","40.869947","-77.843289","","2","0","0","0","0","0","0","0","0","","0","0","0","","","0","N","0","","40 52:11.810","","0","77 50:35.840","0","0","0","0","14201","0","0","0","Y","0","0","0","1","68G07","0","","5.0","","7","N","N","N","0","","0","0","1","","0","","","1","0","0","0","0","0","0","1","0","1","02","","","N","","","","","","","","","",""
"2024117004","","0","0","0","0","0","0","0","0","0","1","0","","14","12","2024","2","40.873406","-77.537848","","2","1","0","0","0","0","1","0","0","","0","0","0","","","0","N","0","","40 52:24.260","4","0","77 32:16.253","0","0","0","0","14207","0","0","0","N","0","0","0","6","68G07","0","","1.0","1030.0","1","N","N","N","1","","0","0","2","","3","N","","3","0","0","0","0","0","0","1","0","3","03","03","","N","","","","","","","","","",""
"2024111126","","1","0","0","0","0","0","0","0","0","1","0","","14","12","2024","2","40.782444","-77.858167","","2","0","1","0","0","0","1","0","0","","0","0","0","","","2","N","0","","40 46:56.800","","0","77 51:29.400","3","0","0","0","14410","0","0","0","N","0","0","0","3","14410","0","","1.0","","9","N","N","N","0","","2","0","1","","2","","","2","2","0","0","0","0","0","2","0","2","07","","","N","","","","","","","","","",""
"2024093980","","0","0","0","0","0","0","0","0","0","4","0","","14","10","2024","3","40.985695","-77.64196","","2","0","0","0","0","0","0","0","2","","0","0","0","","","1","N","0","","40 59:08.501","1","0","77 38:31.056","3","0","0","0","14214","0","0","0","N","0","0","0","3","68G07","0","","1.0","1700.0","1","N","N","N","0","","1","0","2","","0","N","","2","1","1","0","0","0","0","1","0","2","03","03","","N","","","","","","","","","",""
"2024092666","","2","0","0","0","0","0","0","0","0","3","0","","14","10","2024","2","40.892118","-77.850254","","2","0","0","0","0","0","0","0","0","","0","0","0","","","0","","2","","40 53:31.624","","0","77 51:00.916","0","0","0","0","14201","0","0","0","N","0","0","0","2","68G07","0","","1.0","","1","N","N","N","0","","0","0","0","","3","","","2","0","0","0","0","0","0","1","0","2","03","","","N","","","","","","","","","",""
"2024091607","","0","0","0","1","0","0","0","0","0","8","0","","14","10","2024","5","40.801779","-77.868158","","2","0","0","0","0","0","0","0","0","","0","0","0","","","1","","2","","40 48:06.404","","0","77 52:05.367","3","0","0","0","14410","1","0","0","N","0","0","0","2","14410","0","","1.0","","1","N","N","N","1","","1","0","0","","3","","","2","1","0","0","0","0","0","2","0","1","03","","","N","","","","","","","","","",""
"2024094726","","0","0","0","0","0","0","0","0","0","7","0","","14","10","2024","4","40.947719","-77.790338","","2","0","0","0","0","0","1","0","0","","0","0","0","","","0","N","0","","40 56:51.788","","2","77 47:25.217","9","0","0","0","14202","0","0","0","Y","0","0","0","1","68G07","0","","4.0","","1","N","N","N","1","","0","0","0","","0","","","1","0","0","0","0","0","1","2","0","1","03","03","","N","","","","","","","","","",""
"2024093334","","1","0","0","0","0","0","0","0","0","98","0","","14","10","2024","6","40.816317","-78.023361","","2","0","0","0","0","0","0","0","0","","0","0","0","","","0","N","0","","40 48:58.742","","0","78 01:24.099","0","0","0","0","14225","0","0","0","N","0","0","0","1","68G07","0","","1.0","","1","N","N","N","0","","0","0","0","","0","","","1","0","0","0","0","0","0","1","0","1","03","","","N","","","","","","","","","",""
"2024092696","","0","0","0","0","0","0","0","0","0","4","0","","14","10","2024","7","40.988334","-77.638255","","2","0","0","0","0","0","1","1","0","","0","0","0","","","1","","1","","40 59:18.001","7","0","77 38:17.718","4","0","0","0","14214","0","0","0","N","0","0","0","2","68G07","1","","1.0","1014.0","1","N","N","N","2","","0","0","0","","3","N","","2","1","0","0","0","0","0","1","0","2","03","","","N","","","","","","","","","",""
"2024089959","","0","0","0","0","0","0","0","0","0","5","2","","14","9","2024","1","40.958554","-77.780066","","2","0","0","0","0","0","0","0","0","","0","2","0","","","1","N","0","","40 57:30.793","3","0","77 46:48.239","8","0","0","0","14202","0","0","0","N","0","0","0","2","68G07","0","","1.0","50.0","9","N","N","N","0","","0","0","0","","0","N","","2","1","0","0","0","1","0","1","0","2","07","","","N","","","","","","","","","",""
"2024092882","","2","0","0","0","0","0","0","0","0","4","0","","14","10","2024","5","40.811606","-77.829096","","2","0","0","0","0","0","0","0","1","","0","0","0","","","2","","1","","40 48:41.783","","2","77 49:44.745","3","0","0","0","14204","0","0","0","N","0","0","0","3","14410","1","","1.0","","1","N","N","N","0","","1","0","0","","2","","","2","2","1","0","0","0","0","2","0","2","03","03","","N","","","","","","","","","",""
"2024092668","","1","0","0","0","0","0","0","0","0","1","1","","14","10","2024","3","40.816707","-77.908351","","2","0","0","0","0","0","1","0","0","","0","1","0","","","2","N","0","","40 49:00.146","1","0","77 54:30.063","3","0","0","0","14216","0","0","0","N","0","0","0","5","68G07","0","","1.0","1945.0","1","N","N","N","0","","2","0","0","","0","N","","2","2","0","0","0","0","0","2","0","2","03","","","N","","","","","","","","","",""
"2024094201","","1","0","0","0","0","0","0","0","0","98","0","","14","10","2024","4","40.88833","-77.609637","","2","0","0","0","0","0","0","0","0","","0","0","0","","","0","N","0","","40 53:17.988","","0","77 36:34.694","0","0","0","0","14207","0","0","0","N","0","0","0","1","68G07","0","","1.0","","1","N","N","N","0","","0","0","0","","0","","","1","0","0","0","0","0","0","1","0","1","03","","","N","","","","","","","","","",""
"2024092638","","0","0","0","0","0","0","0","0","0","7","0","","14","9","2024","1","41.016136","-77.954781","","2","0","0","0","0","0","0","0","0","","0","0","0","","","0","","7","","41 00:58.088","","2","77 57:17.213","0","0","0","0","14220","0","0","0","Y","0","0","0","1","68G07","0","","4.0","","1","N","N","N","0","","0","0","1","","0","","","1","0","1","0","0","0","0","1","0","1","03","","","N","","","","","","","","","",""
"2024093247","","1","0","0","0","0","0","0","0","0","7","0","","14","9","2024","4","40.914753","-77.772022","","2","0","0","0","0","0","0","0","0","","0","0","0","","","0","N","0","","40 54:53.111","1","0","77 46:19.278","0","0","0","0","14401","0","0","0","N","0","0","0","1","68G07","0","","4.0","130.0","1","N","N","N","0","","0","0","0","","0","N","","1","0","1","0","0","0","0","2","0","1","03","","","N","","","","","","","","","",""
"2024113700","","2","0","0","0","0","0","0","0","0","4","0","","14","12","2024","3","40.818362","-77.900516","","2","0","0","0","0","0","0","0","0","","0","0","0","","","0","N","1","","40 49:06.104","","8","77 54:01.859","0","0","0","0","14216","0","0","0","N","0","0","0","2","14216","0","","1.0","","9","N","N","N","0","","0","0","0","","2","","","2","0","0","0","0","0","0","2","0","2","07","","","N","","","","","","","","","",""
"2024092841","","0","0","0","0","0","0","0","0","0","2","0","","14","10","2024","6","40.905062","-78.220614","","2","0","0","0","0","0","0","0","1","","0","0","0","","","1","","1","","40 54:18.223","5","0","78 13:14.210","4","0","0","0","14219","0","0","0","N","0","0","0","2","68G07","1","","1.0","1005.0","1","N","N","N","0","","0","0","2","","2","N","","2","1","1","0","0","0","0","2","0","2","03","","","N","","","","","","","","","",""
"2024094194","","0","0","0","0","0","0","0","0","0","7","0","","14","10","2024","2","40.830641","-77.959551","","2","0","0","0","0","0","0","0","0","","0","0","0","","","0","N","0","","40 49:50.309","2","0","77 57:34.382","0","0","0","0","14216","0","0","0","N","0","0","0","1","68G07","0","","3.0","1245.0","1","N","N","N","0","","0","0","1","","0","N","","1","0","0","0","0","0","0","2","0","1","03","","","N","","","","","","","","","",""
"2024092506","","0","0","0","0","0","0","0","0","0","1","0","","14","10","2024","6","41.003455","-77.600525","","2","0","0","0","0","0","0","0","2","","0","0","0","","","1","N","0","","41 00:12.439","4","0","77 36:01.891","3","0","0","0","14214","0","0","0","N","0","0","0","4","68G07","0","","1.0","1424.0","1","N","N","N","1","","1","0","2","","0","N","","3","1","0","0","0","0","0","1","0","3","03","","","N","","","","","","","","","",""
"2024089960","","1","0","0","0","0","0","0","0","0","2","0","","14","9","2024","2","40.931862","-77.828968","","2","0","0","0","0","1","0","1","0","","0","0","0","","","3","N","0","","40 55:54.704","5","0","77 49:44.283","3","0","0","0","14223","0","0","0","N","0","0","0","3","68G07","0","","1.0","1043.0","9","N","N","N","1","","3","0","0","","0","N","","2","3","0","0","0","0","0","1","0","2","07","","","N","","","","","","","","","",""
"2024108829","","0","0","0","0","0","0","0","0","0","4","0","","14","11","2024","6","41.047713","-78.002936","","2","0","0","0","0","0","1","0","1","","0","0","0","","","0","","1","","41 02:51.768","3","0","78 00:10.571","0","0","0","0","14220","0","0","0","N","0","0","0","3","68G07","0","","1.0","1740.0","9","N","N","N","2","","0","0","0","","3","N","","2","0","0","0","0","0","0","1","0","2","98","","","N","","","","","","","","","",""
"2024113849","","0","0","0","0","0","0","0","0","0","7","0","","14","12","2024","7","41.042328","-77.686863","","2","0","0","0","0","0","0","1","0","","0","0","0","","","1","N","0","","41 02:32.379","4","0","77 41:12.706","3","0","0","0","14205","0","0","0","N","0","0","0","1","68G07","0","","4.0","1515.0","1","N","N","N","0","","1","0","1","","0","N","","1","1","1","0","0","0","0","1","0","1","03","","","N","","","","","","","","","",""
"2024115654","","1","0","0","0","0","0","0","0","0","7","0","","14","12","2024","4","40.853461","-78.143828","","2","0","0","0","0","0","0","0","0","","0","0","0","","","0","N","0","","40 51:12.460","","0","78 08:37.780","0","0","0","0","14219","0","0","0","N","0","0","0","1","68G07","0","","5.0","","7","N","N","N","0","","0","0","0","","0","","","1","0","0","0","0","0","0","1","0","1","10","","","N","","","","","","","","","",""
"2024114421","","1","0","0","0","0","0","0","0","0","4","0","","14","12","2024","2","41.02679","-77.935212","","2","0","0","0","0","1","0","0","0","","0","0","0","","","1","Y","0","","41 01:36.445","","0","77 56:06.762","3","0","0","0","14220","0","0","0","N","0","0","0","2","68G07","0","","1.0","","9","N","N","N","0","","1","0","1","","3","","","2","1","0","0","0","0","0","1","0","2","07","","","N","","","","","","","","","",""
"2024114688","","0","0","0","0","0","0","0","0","0","0","0","","14","12","2024","3","40.851419","-77.891846","","2","0","0","0","0","0","0","1","0","","0","0","0","","","1","N","0","","40 51:05.108","6","0","77 53:30.645","3","0","0","0","14216","0","0","0","N","0","0","0","1","14216","0","","5.0","1015.0","2","N","N","N","1","","1","0","0","","0","Y","","1","1","0","0","0","0","0","1","0","1","04","","","N","","","","","","","","","",""
"2024113803","","1","0","0","0","0","0","0","0","0","1","1","","14","12","2024","2","40.772368","-77.615958","","2","0","0","0","0","0","0","0","0","","0","1","0","","","4","N","0","","40 46:20.524","3","0","77 36:57.448","2","0","0","0","14218","0","0","0","N","0","0","0","5","68G07","2","","1.0","1708.0","1","N","N","N","0","","1","1","0","","0","N","","2","4","2","0","1","0","0","1","0","2","03","","","N","","","","","","","","","",""
"2024114856","","1","0","0","0","0","0","0","0","0","4","0","","14","12","2024","1","40.891318","-77.473098","","2","0","0","0","0","0","1","0","0","","0","0","0","","","2","N","0","","40 53:28.745","3","0","77 28:23.154","3","0","0","0","14405","0","0","0","N","0","0","0","3","68G07","0","","1.0","1700.0","7","N","N","N","1","","2","0","0","","0","N","","2","2","0","0","0","0","0","1","0","2","10","06","","N","","","","","","","","","",""
"2024114323","","0","0","0","0","0","0","0","0","0","0","1","","14","12","2024","6","40.780847","-78.239291","","2","0","0","0","0","0","0","0","0","","0","1","0","","","0","N","0","","40 46:51.049","2","0","78 14:21.447","0","0","0","0","14219","0","0","0","N","0","0","0","1","68G07","0","","2.0","500.0","7","N","N","N","0","","0","0","0","","0","N","","1","0","0","0","0","0","0","1","0","1","02","10","","N","","","","","","","","","",""
"2024114616","","0","0","0","0","0","0","0","0","0","7","0","","14","12","2024","2","40.890209","-77.733158","","2","0","0","0","0","0","0","1","0","","0","0","0","","","0","N","0","","40 53:24.752","","0","77 43:59.369","0","0","0","0","14221","0","0","0","Y","0","0","0","1","68G07","0","","4.0","","9","N","N","N","0","","0","0","1","","0","","","1","0","0","0","0","0","0","1","0","1","04","","","N","","","","","","","","","",""
"2024113807","","1","0","0","0","0","0","0","0","0","7","0","","14","12","2024","4","40.997475","-77.643125","","2","0","0","0","0","1","0","0","0","","0","0","0","","","0","N","0","","40 59:50.910","2","0","77 38:35.250","0","0","0","0","14214","0","0","0","Y","0","0","0","1","68G07","0","","4.0","1300.0","1","N","N","N","0","","0","0","0","","0","N","","1","0","0","0","0","0","0","1","0","1","03","","","N","","","","","","","","","",""
"2024113823","","1","0","0","0","0","0","0","0","0","7","0","","14","12","2024","4","40.82361","-77.864143","","2","0","0","0","0","0","0","0","0","","0","0","0","","","0","N","0","","40 49:24.996","","0","77 51:50.914","0","0","0","0","14204","0","0","0","Y","0","0","0","1","68G07","0","","4.0","","9","N","N","N","0","","0","0","0","","0","","","1","0","0","0","0","0","0","1","0","1","07","","","N","","","","","","","","","",""
"2024113537","","0","0","0","0","0","0","0","0","0","2","1","","14","12","2024","1","40.752569","-77.870447","","2","0","0","0","0","0","0","0","0","","0","1","0","","","1","N","0","","40 45:09.250","6","0","77 52:13.608","3","0","0","0","14206","0","0","0","Y","0","0","0","2","14206","0","","1.0","2344.0","7","N","N","N","0","","1","0","1","","0","Y","","2","1","0","0","0","0","0","1","0","2","10","","","N","","","","","","","","","",""
"2024108090","","0","0","0","0","0","0","0","0","0","7","0","","14","11","2024","6","40.818228","-77.939857","","2","0","0","0","0","0","0","0","0","","0","0","0","","","1","N","0","","40 49:05.619","1","3","77 56:23.486","3","0","0","0","14216","0","0","0","N","0","0","0","1","14216","0","","2.0","1621.0","2","N","N","N","0","","1","0","1","","0","N","","1","1","0","0","0","0","0","2","0","1","02","04","","N","","","","","","","","","",""
"2024104285","","0","0","0","0","0","0","0","0","0","0","0","","14","11","2024","4","40.756621","-77.617195","","2","0","0","0","0","0","0","0","0","","0","0","0","","","0","N","0","","40 45:23.836","4","0","77 37:01.902","0","0","0","0","14218","0","0","0","N","0","0","0","2","68G07","0","","1.0","1230.0","1","N","N","N","0","","0","0","1","","0","N","","1","0","0","0","0","0","0","1","0","1","03","","","N","","","","","","","","","",""