"CRN","ARRIVAL_TM","AUTOMOBILE_COUNT","BELTED_DEATH_COUNT","BELTED_SUSP_SERIOUS_INJ_COUNT","BICYCLE_COUNT","BICYCLE_DEATH_COUNT","BICYCLE_SUSP_SERIOUS_INJ_COUNT","BUS_COUNT","CHLDPAS_DEATH_COUNT","CHLDPAS_SUSP_SERIOUS_INJ_COUNT","COLLISION_TYPE","COMM_VEH_COUNT","CONS_ZONE_SPD_LIM","COUNTY","CRASH_MONTH","CRASH_YEAR","DAY_OF_WEEK","DEC_LATITUDE","DEC_LONGITUDE","DISPATCH_TM","DISTRICT","DRIVER_COUNT_16YR","DRIVER_COUNT_17YR","DRIVER_COUNT_18YR","DRIVER_COUNT_19YR","DRIVER_COUNT_20YR","DRIVER_COUNT_50_64YR","DRIVER_COUNT_65_74YR","DRIVER_COUNT_75PLUS","EST_HRS_CLOSED","FATAL_COUNT","HEAVY_TRUCK_COUNT","HORSE_BUGGY_COUNT","HOUR_OF_DAY","ILLUMINATION","INJURY_COUNT","INTERSECTION_RELATED","INTERSECT_TYPE","LANE_CLOSED","LATITUDE","LN_CLOSE_DIR","LOCATION_TYPE","LONGITUDE","MAX_SEVERITY_LEVEL","MCYCLE_DEATH_COUNT","MCYCLE_SUSP_SERIOUS_INJ_COUNT","MOTORCYCLE_COUNT","MUNICIPALITY","NONMOTR_COUNT","NONMOTR_DEATH_COUNT","NONMOTR_SUSP_SERIOUS_INJ_COUNT","NTFY_HIWY_MAINT","PED_COUNT","PED_DEATH_COUNT","PED_SUSP_SERIOUS_INJ_COUNT","PERSON_COUNT","POLICE_AGCY","POSSIBLE_INJ_COUNT","RDWY_SURF_TYPE_CD","RELATION_TO_ROAD","ROADWAY_CLEARED","ROAD_CONDITION","SCH_BUS_IND","SCH_ZONE_IND","SECONDARY_CRASH","SMALL_TRUCK_COUNT","SPEC_JURIS_CD","SUSP_MINOR_INJ_COUNT","SUSP_SERIOUS_INJ_COUNT","SUV_COUNT","TCD_FUNC_CD","TCD_TYPE","TFC_DETOUR_IND","TIME_OF_DAY","TOTAL_UNITS","TOT_INJ_COUNT","UNBELTED_OCC_COUNT","UNB_DEATH_COUNT","UNB_SUSP_SERIOUS_INJ_COUNT","UNK_INJ_DEG_COUNT","UNK_INJ_PER_COUNT","URBAN_RURAL","VAN_COUNT","VEHICLE_COUNT","WEATHER1","WEATHER2","WORKERS_PRES","WORK_ZONE_IND","WORK_ZONE_LOC","WORK_ZONE_TYPE","WZ_CLOSE_DETOUR","WZ_FLAGGER","WZ_LAW_OFFCR_IND","WZ_LN_CLOSURE","WZ_MOVING","WZ_OTHER","WZ_SHLDER_MDN","WZ_WORKERS_INJ_KILLED"
"2025012556","","1","0","0","0","0","0","0","0","0","7","0","","14","12","2024","3","40.95276","-77.744774","","2","0","0","0","0","0","0","0","0","","0","0","0","","","0","N","0","","40 57:09.937","","0","77 44:41.186","0","0","0","0","14202","0","0","0","N","0","0","0","1","00000","0","","1.0","","1","","","N","0","","0","0","0","","0","","","1","0","0","0","0","0","0","1","0","1","05","","","N","","","","","","","","","",""
"2024003152","1310","1","0","0","0","0","0","0","0","0","7","0","","14","1","2024","7","40.8905","-77.733142","1304","2","0","0","0","1","0","0","0","0","","0","0","0","","","0","N","0","","40 53:25.800","","0","77 43:59.312","0","0","0","0","14221","0","0","0","Y","0","0","0","2","68G07","0","","4.0","","7","N","N","N","0","","0","0","0","","0","","","1","0","0","0","0","0","0","1","0","1","10","","","N","","","","","","","","","",""
"2024020048","1335","0","0","0","0","0","0","0","0","0","1","0","","14","3","2024","6","40.791711","-77.865217","1332","2","0","0","0","0","0","0","1","0","","0","0","0","","","1","","1","","40 47:30.158","","0","77 51:54.781","4","0","0","0","14410","0","0","0","N","0","0","0","2","14410","1","","1.0","","1","N","N","N","0","","0","0","2","","4","","","2","1","0","0","0","0","0","2","0","2","03","03","","N","","","","","","","","","",""
"2024020870","2108","1","0","0","0","0","0","0","0","0","7","0","","14","3","2024","2","40.786389","-77.758667","2058","2","0","0","0","0","0","0","0","0","","0","0","0","","","1","N","0","","40 47:11.000","5","0","77 45:31.200","3","0","0","0","14210","0","0","0","N","0","0","0","1","14410","0","","5.0","2230.0","1","N","N","Y","0","","1","0","0","","0","N","","1","1","0","0","0","0","0","2","0","1","03","03","","N","","","","","","","","","",""
"2024001102","1845","0","0","0","0","0","0","0","0","0","7","0","","14","1","2024","3","40.812794","-78.083694","1839","2","0","0","0","0","0","1","0","0","","0","0","0","","","0","N","0","","40 48:46.060","2","0","78 05:01.300","0","0","0","0","14225","0","0","0","N","0","0","0","1","68G07","0","","2.0","2030.0","1","N","N","N","0","","0","0","1","","0","N","","1","0","0","0","0","0","0","1","0","1","03","","","N","","","","","","","","","",""
"2024015392","1818","0","0","0","0","0","0","0","0","0","4","0","","14","2","2024","2","40.797611","-77.887778","1813","2","0","0","0","0","0","0","0","0","","0","0","0","","","0","","1","","40 47:51.400","2","0","77 53:16.000","0","0","0","0","14206","0","0","0","N","0","0","0","4","14206","0","","1.0","1915.0","1","N","N","N","0","","0","0","2","","2","N","","2","0","0","0","0","0","0","2","0","2","03","03","","N","","","","","","","","","",""
"2024023979","1726","0","0","0","0","0","0","0","0","0","7","0","","14","2","2024","5","40.79618","-78.146088","1643","2","0","0","0","0","0","0","0","0","","0","0","0","","","0","N","0","","40 47:46.249","","0","78 08:45.917","0","0","0","0","14222","0","0","0","N","0","0","0","1","68G07","0","","4.0","","7","N","N","N","1","","0","0","0","","0","","","1","0","0","0","0","0","0","1","0","1","10","","","N","","","","","","","","","",""
"2024023580","2225","1","0","0","0","0","0","0","0","0","7","0","","14","3","2024","6","40.963692","-77.534755","2203","2","0","0","0","0","0","0","0","0","","0","0","0","","","0","N","0","","40 57:49.292","5","0","77 32:05.119","0","0","0","0","14224","0","0","0","N","0","0","0","1","68G07","0","","5.0","2300.0","9","N","N","N","0","","0","0","0","","0","N","","1","0","0","0","0","0","0","1","0","1","07","","","N","","","","","","","","","",""
"2024034614","1518","0","0","0","0","0","0","0","0","0","5","1","","14","4","2024","6","40.836012","-77.801083","1515","2","0","0","0","0","0","0","1","0","","0","1","0","","","0","","1","","40 50:09.642","","0","77 48:03.899","0","0","0","0","14204","0","0","0","N","0","0","0","2","14410","0","","1.0","","1","N","N","N","0","","0","0","1","","0","","","2","0","0","0","0","0","0","2","0","2","04","","","N","","","","","","","","","",""
"2024028593","1438","0","0","0","0","0","0","0","0","0","7","1","","14","4","2024","2","40.779592","-77.755554","1428","2","0","0","0","0","0","0","0","0","","0","1","0","","","0","N","0","","40 46:46.532","","0","77 45:19.996","0","0","0","0","14210","0","0","0","N","0","0","0","1","14410","0","","5.0","","1","N","N","N","0","","0","0","0","","0","","","1","0","0","0","0","0","0","1","0","1","04","","","N","","","","","","","","","",""
"2024051208","1340","0","0","0","0","0","0","0","0","0","4","0","","14","6","2024","2","40.845996","-77.811653","1337","2","0","0","0","0","0","0","1","0","","0","0","0","","","1","","1","","40 50:45.584","","2","77 48:41.949","4","0","0","0","14201","0","0","0","N","0","0","0","3","68G07","1","","1.0","","1","N","N","N","0","","0","0","3","","3","","","3","1","0","0","0","0","0","1","0","3","03","","","N","","","","","","","","","",""
"2024040717","1445","0","0","0","0","0","0","0","0","0","4","0","","14","5","2024","4","40.808306","-77.902313","1423","2","0","0","1","0","0","0","1","0","","0","0","0","","","1","N","0","","40 48:29.902","","7","77 54:08.325","8","0","0","0","14216","0","0","0","N","0","0","0","2","14216","0","","1.0","","1","N","N","N","2","","0","0","0","","0","","","2","1","0","0","0","1","0","2","0","2","03","","","N","","","","","","","","","",""
"2024016545","1546","1","0","0","0","0","0","0","0","0","7","0","","14","2","2024","1","40.733228","-77.944819","1537","2","0","0","0","0","0","0","0","0","","0","0","0","","","0","N","0","","40 43:59.620","1","0","77 56:41.350","0","0","0","0","14206","0","0","0","N","0","0","0","1","14206","0","","2.0","1554.0","7","N","N","N","0","","0","0","0","","0","N","","1","0","0","0","0","0","0","1","0","1","02","","","N","","","","","","","","","",""
"2024016417","0515","1","0","0","0","0","0","0","0","0","7","0","","14","2","2024","7","40.780204","-77.738227","0458","2","0","0","0","0","1","0","0","0","","0","0","0","","","0","N","0","","40 46:48.733","","0","77 44:17.617","0","0","0","0","14210","0","0","0","N","0","0","0","2","14410","0","","4.0","","7","N","N","N","0","","0","0","0","","0","","","1","0","0","0","0","0","0","1","0","1","","","","N","","","","","","","","","",""
"2024068054","2036","1","0","0","0","0","0","0","0","0","7","0","","14","8","2024","2","40.893239","-77.627881","2026","2","0","0","1","0","0","0","0","0","","0","0","0","","","0","N","0","","40 53:35.660","","0","77 37:40.370","0","0","0","0","14207","0","0","0","N","0","0","0","3","68G07","0","","4.0","","1","N","N","N","0","","0","0","0","","0","","","1","0","0","0","0","0","0","1","0","1","03","03","","N","","","","","","","","","",""
"2024063112","1253","1","0","0","0","0","0","0","0","0","4","0","","14","7","2024","1","40.820498","-77.848121","1249","2","0","0","0","0","0","0","1","0","","0","0","0","","","0","","2","","40 49:13.791","","0","77 50:53.236","0","0","0","0","14204","0","0","0","N","0","0","0","3","14410","0","","1.0","","1","N","N","N","1","","0","0","0","","2","","","2","0","0","0","0","0","0","2","0","2","03","03","","N","","","","","","","","","",""
"2024061460","1757","1","0","0","0","0","0","0","0","0","1","0","","14","7","2024","1","40.925254","-77.840122","1740","2","0","1","0","1","0","0","1","0","","0","0","0","","","2","","2","","40 55:30.916","1","0","77 50:24.440","3","0","0","0","14223","0","0","0","N","0","0","0","3","68G07","0","","1.0","1834.0","1","N","N","N","0","","2","0","2","","0","N","","3","2","0","0","0","0","0","1","0","3","03","03","","N","","","","","","","","","",""
"2024050608","1946","1","0","0","0","0","0","0","0","0","0","0","","14","6","2024","1","40.794687","-77.858661","1943","2","0","0","0","0","1","0","0","0","","0","0","0","","","1","N","0","","40 47:40.872","3","7","77 51:31.178","3","0","0","1","14410","0","0","0","N","0","0","0","3","14410","0","","1.0","2114.0","1","N","N","N","0","","1","0","0","","0","N","","2","1","0","0","0","0","0","2","0","2","03","03","","N","","","","","","","","","",""
"2024029048","0822","0","0","0","0","0","0","0","0","0","4","0","","14","4","2024","3","40.799972","-77.860278","0822","2","0","0","0","2","0","0","0","0","","0","0","0","","","1","","2","","40 47:59.900","","0","77 51:37.000","8","0","0","0","14410","0","0","0","N","0","0","0","2","14501","0","","1.0","","1","N","N","N","0","","0","0","1","","3","N","","2","1","0","0","0","1","0","2","0","2","03","03","","N","","","","","","","","","",""
"2024077392","1819","4","0","0","0","0","0","0","0","0","1","0","","14","9","2024","6","40.76807","-77.886185","1817","2","0","0","0","0","0","0","2","0","","0","0","0","","","1","N","0","","40 46:05.051","2","0","77 53:10.265","3","0","0","0","14206","0","0","0","N","0","0","0","4","14206","0","","1.0","1906.0","1","N","N","N","0","","1","0","0","","2","N","","4","1","0","0","0","0","0","2","0","4","03","","","N","","","","","","","","","",""
"2024056728","1513","1","0","0","0","0","0","0","0","0","1","0","","14","6","2024","6","40.95565","-77.759131","1511","2","0","0","0","0","0","0","0","0","","0","0","0","","","0","N","0","","40 57:20.339","","0","77 45:32.872","0","0","0","0","14202","0","0","0","N","0","0","0","2","68G07","0","","1.0","","1","N","N","N","1","","0","0","0","","0","","","2","0","0","0","0","0","0","1","0","2","03","03","","N","","","","","","","","","",""
"2024078480","1702","1","0","0","0","0","0","0","0","0","4","0","","14","9","2024","3","40.805972","-77.893639","1657","2","0","0","0","0","1","0","0","1","","0","0","0","","","1","","1","","40 48:21.500","","0","77 53:37.100","4","0","0","0","14206","0","0","0","N","0","0","0","2","14206","1","","1.0","","1","N","N","N","0","","0","0","1","","2","","","2","1","0","0","0","0","0","2","0","2","03","","","N","","","","","","","","","",""
"2024090200","0839","1","0","0","0","0","0","0","0","0","7","0","","14","10","2024","7","40.939268","-77.462219","0820","2","0","0","0","0","0","0","0","0","","0","0","0","","","2","N","0","","40 56:21.366","3","0","77 27:43.989","3","0","0","0","14215","0","0","0","N","0","0","0","2","68G07","0","","4.0","915.0","1","N","N","N","0","","2","0","0","","0","Y","","1","2","0","0","0","0","0","1","0","1","03","03","","N","","","","","","","","","",""
"2024033572","1538","3","0","0","0","0","0","0","0","0","4","0","","14","4","2024","3","40.805972","-77.893639","1535","2","0","0","0","0","0","1","0","0","","0","0","0","","","1","","1","","40 48:21.500","2","0","77 53:37.100","4","0","0","0","14206","0","0","0","N","0","0","0","3","14206","1","","1.0","1606.0","1","N","N","N","0","","0","0","0","","2","Y","","3","1","0","0","0","0","0","2","0","3","03","","","N","","","","","","","","","",""
"2024030773","2346","0","0","0","0","0","0","0","0","0","7","0","","14","4","2024","3","40.745215","-78.108908","2318","2","0","0","1","0","0","0","0","0","","0","0","0","","","0","N","0","","40 44:42.775","1","0","78 06:32.067","0","0","0","0","14222","0","0","0","N","0","0","0","1","68G07","0","","5.0","112.0","9","N","N","N","0","","0","0","1","","0","N","","1","0","0","0","0","0","0","1","0","1","07","","","N","","","","","","","","","",""
"2024054069","1034","1","0","0","0","0","0","0","0","0","2","0","","14","6","2024","5","40.829883","-77.964845","1030","2","0","0","0","0","0","0","1","0","","0","0","0","","","0","N","0","","40 49:47.577","","0","77 57:53.441","0","0","0","0","14216","0","0","0","N","0","0","0","2","14216","0","","1.0","","1","N","N","N","1","","0","0","0","","0","","","2","0","0","0","0","0","0","2","0","2","03","","","N","","","","","","","","","",""
"2024050435","2154","2","0","0","0","0","0","0","0","0","4","0","","14","6","2024","7","40.80125","-77.900222","2153","2","0","1","0","0","0","0","0","0","","0","0","0","","","0","","2","","40 48:04.500","5","0","77 54:00.800","0","0","0","0","14206","0","0","0","N","0","0","0","4","14206","0","","1.0","2230.0","1","N","N","N","0","","0","0","0","","3","Y","","2","0","0","0","0","0","0","2","0","2","03","03","","N","","","","","","","","","",""
"2024033765","1820","1","0","0","0","0","0","0","0","0","4","0","","14","4","2024","2","40.781119","-77.801084","1814","2","0","1","0","0","0","0","0","0","","0","0","0","","","0","","1","","40 46:52.027","2","0","77 48:03.904","0","0","0","0","14210","0","0","0","N","0","0","0","5","14410","0","","1.0","1848.0","1","N","N","N","0","","0","0","1","","2","N","","2","0","0","0","0","0","0","2","0","2","03","03","","N","","","","","","","","","",""
"2024043114","1655","1","0","0","0","0","0","0","0","0","6","0","","14","5","2024","3","40.882853","-77.761594","1616","2","0","0","1","0","0","0","0","0","","0","0","0","","","1","N","0","","40 52:58.270","1","0","77 45:41.740","8","0","0","0","14221","0","0","0","N","0","0","0","2","14221","0","","1.0","1749.0","9","N","N","N","0","","0","0","1","","0","N","","2","1","0","0","0","1","0","1","0","2","04","98","","N","","","","","","","","","",""
"2024080907","1323","1","0","0","0","0","0","0","0","0","4","0","","14","9","2024","4","40.800175","-77.853979","1321","2","0","0","0","0","0","1","0","0","","0","0","0","","","1","N","0","","40 48:00.631","4","0","77 51:14.323","4","0","0","0","14410","0","0","0","N","0","0","0","2","14410","1","","1.0","1359.0","1","N","N","N","0","","0","0","1","","0","N","","2","1","0","0","0","0","0","2","0","2","03","04","","N","","","","","","","","","",""
"2024088897","2310","1","0","0","0","0","0","0","0","0","7","0","","14","10","2024","4","40.928074","-77.704797","2255","2","0","0","0","0","0","0","0","0","","0","0","0","","","0","N","0","","40 55:41.067","","0","77 42:17.268","0","0","0","0","14224","0","0","0","N","0","0","0","1","68G07","0","","5.0","","9","N","N","N","0","","0","0","0","","0","","","1","0","0","0","0","0","0","1","0","1","07","05","","N","","","","","","","","","",""
"2024083845","1611","0","0","0","0","0","0","0","0","0","8","0","","14","9","2024","5","40.796472","-77.856259","1608","2","0","0","0","0","0","0","1","0","","0","0","0","","","1","","2","","40 47:47.300","3","0","77 51:22.531","3","0","0","0","14410","1","0","0","N","1","0","0","3","14410","0","","1.0","1630.0","1","N","N","N","1","","1","0","0","","3","Y","","2","1","0","0","0","0","0","2","0","1","03","03","","N","","","","","","","","","",""
"2024082738","1444","1","0","0","0","0","0","0","0","0","4","0","","14","6","2024","6","40.943856","-77.725304","1439","2","0","0","0","0","0","1","0","0","","0","0","0","","","1","N","0","","40 56:37.883","3","0","77 43:31.093","3","0","0","0","14221","0","0","0","N","0","0","0","3","68G07","0","","1.0","1609.0","9","N","N","N","0","","1","0","2","","0","N","","3","1","0","0","0","0","0","1","0","3","07","","","N","","","","","","","","","",""
"2024079746","1524","0","0","0","0","0","0","0","0","0","2","1","","14","8","2024","6","40.991686","-77.863516","1505","2","0","0","0","0","0","0","0","0","","0","1","0","","","1","N","0","","40 59:30.069","","0","77 51:48.657","2","0","1","1","14202","0","0","0","N","0","0","0","2","68G07","0","","1.0","","3","N","N","N","0","","0","1","0","","0","","","2","1","0","0","0","0","0","1","0","2","03","","","N","","","","","","","","","",""
"2024071438","1416","2","0","0","0","0","0","0","0","0","4","0","","14","8","2024","7","40.803663","-77.884137","1409","2","0","0","0","0","0","0","0","1","","0","0","0","","","3","","1","","40 48:13.185","1","0","77 53:02.894","3","0","0","0","14206","0","0","0","N","0","0","0","3","14216","0","","1.0","1503.0","1","N","N","N","0","","3","0","0","","2","N","","2","3","0","0","0","0","0","2","0","2","03","03","","N","","","","","","","","","",""
"2024072752","0040","2","0","0","0","0","0","0","0","0","4","0","","14","8","2024","5","40.802628","-77.850134","0035","2","0","0","0","0","0","1","0","0","","0","0","0","","","0","N","6","","40 48:09.461","3","2","77 51:00.484","0","0","0","0","14410","0","0","0","N","0","0","0","5","14410","0","","1.0","100.0","1","N","N","N","0","","0","0","0","","3","N","","2","0","0","0","0","0","0","2","0","2","","","","N","","","","","","","","","",""
"2024068003","1555","1","0","0","0","0","0","0","0","0","4","0","","14","8","2024","3","40.785234","-77.837032","1552","2","0","0","0","0","0","1","1","0","","0","0","0","","","1","","1","","40 47:06.844","2","0","77 50:13.316","4","0","0","0","14410","0","0","0","N","0","0","0","3","14410","1","","1.0","1650.0","9","N","N","Y","0","","0","0","1","","2","N","","2","1","0","0","0","0","0","2","0","2","07","08","","N","","","","","","","","","",""
"2024087410","1912","1","0","0","0","0","0","0","0","0","4","0","","14","10","2024","7","40.796184","-77.854495","1910","2","0","0","0","1","0","1","0","0","","0","0","0","","","1","","1","","40 47:46.261","1","0","77 51:16.182","3","0","0","0","14410","0","0","0","N","0","0","0","7","14410","0","","1.0","1940.0","1","N","N","N","0","","1","0","1","","3","N","","2","1","0","0","0","0","0","2","0","2","03","03","","N","","","","","","","","","",""
"2024088810","1450","0","0","0","0","0","0","0","0","0","2","0","","14","9","2024","2","40.882583","-77.761384","1448","2","0","0","0","0","0","1","0","0","","0","0","0","","","2","N","0","","40 52:57.300","5","0","77 45:40.981","3","0","0","0","14221","0","0","0","N","0","0","0","4","14221","0","","1.0","1604.0","9","N","N","N","0","","2","0","1","","0","N","","2","2","0","0","0","0","0","1","1","2","07","","","N","","","","","","","","","",""
"2024105500","0612","0","0","0","0","0","0","0","0","0","4","0","","14","11","2024","6","40.836005","-77.801076","0603","2","0","0","0","0","0","0","0","0","","0","0","0","","","2","","1","","40 50:09.619","4","0","77 48:03.875","3","0","0","0","14204","0","0","0","N","0","0","0","2","14410","0","","1.0","710.0","9","N","N","N","0","","2","0","2","","2","N","","2","2","0","0","0","0","0","2","0","2","02","","","N","","","","","","","","","",""
"2024107568","1448","0","0","0","0","0","0","0","0","0","1","0","","14","11","2024","4","40.891971","-78.216602","1419","2","0","0","0","0","0","2","0","0","","0","0","0","","","0","N","0","","40 53:31.094","2","0","78 12:59.767","0","0","0","0","14406","0","0","0","N","0","0","0","2","68G07","0","","1.0","1520.0","1","N","N","N","1","","0","0","1","","0","Y","","2","0","0","0","0","0","0","2","0","2","03","03","","N","","","","","","","","","",""
"2024119067","1035","1","0","0","0","0","0","0","0","0","1","1","","14","11","2024","3","41.011593","-77.87588","1021","2","0","0","0","0","0","1","0","0","","0","1","0","","","0","N","0","","41 00:41.734","4","0","77 52:33.168","0","0","0","0","14202","0","0","0","N","0","0","0","2","68G07","0","","1.0","1100.0","1","N","N","N","0","","0","0","0","","1","N","","2","0","0","0","0","0","0","1","0","2","03","","","N","","","","","","","","","",""
"2024105680","1729","0","0","0","0","0","0","0","0","0","1","1","","14","11","2024","6","40.80142","-77.879917","1724","2","0","0","0","0","0","1","0","0","","0","1","0","","","1","N","0","","40 48:05.111","","0","77 52:47.700","3","0","0","0","14206","0","0","0","N","0","0","0","3","14206","0","","1.0","","9","N","N","Y","0","","1","0","1","","2","","","3","1","0","0","0","0","0","2","1","3","07","","","N","","","","","","","","","",""
"2024112828","1545","0","0","0","0","0","0","0","0","0","4","0","","14","12","2024","5","40.909993","-77.784559","1542","2","0","0","0","0","0","2","0","0","","0","0","0","","","2","N","0","","40 54:35.973","5","0","77 47:04.413","3","0","0","0","14401","0","0","0","N","0","0","0","3","14401","1","","1.0","1638.0","1","N","N","N","1","","1","0","1","","0","Y","","2","2","0","0","0","0","0","2","0","2","03","","","N","","","","","","","","","",""
"2024095601","0934","0","0","0","0","0","0","0","0","0","98","0","","14","10","2024","1","41.017722","-77.952876","0912","2","0","0","0","0","0","0","0","0","","0","0","0","","","0","N","0","","41 01:03.798","","0","77 57:10.355","0","0","0","0","14220","0","0","0","N","0","0","0","1","68G07","0","","1.0","","1","N","N","N","0","","0","0","1","","0","","","1","0","0","0","0","0","0","1","0","1","03","","","N","","","","","","","","","",""
"2024065173","1010","2","0","0","0","0","0","0","0","0","5","0","","14","7","2024","1","40.818064","-77.818589","1006","2","0","0","0","0","0","0","1","0","","0","0","0","","","0","","1","","40 49:05.031","","0","77 49:06.921","0","0","0","0","14204","0","0","0","N","0","0","0","2","14410","0","","1.0","","1","N","N","N","0","","0","0","0","","2","","","2","0","0","0","0","0","0","2","0","2","03","","","N","","","","","","","","","",""
"2024111639","0639","0","0","0","0","0","0","0","0","0","98","0","","14","11","2024","3","40.868246","-78.175113","0639","2","0","0","0","0","0","1","0","0","","0","0","0","","","1","N","0","","40 52:05.686","","0","78 10:30.408","3","0","0","0","14219","0","0","0","N","0","0","0","1","68G07","0","","1.0","","1","N","N","N","0","","1","0","1","","0","","","1","1","0","0","0","0","0","1","0","1","03","03","","N","","","","","","","","","",""
"2024118736","1756","0","0","0","0","0","0","0","0","0","7","0","","14","12","2024","4","40.906675","-77.684624","1748","2","0","0","0","0","0","0","1","0","","0","0","0","","","1","","2","","40 54:24.030","1","0","77 41:04.647","3","0","0","0","14224","0","0","0","Y","0","0","0","2","68G07","0","","2.0","1845.0","1","N","N","N","0","","1","0","1","","0","N","","1","1","0","0","0","0","0","1","0","1","04","","","N","","","","","","","","","",""
"2024114028","1838","1","0","0","0","0","0","0","0","0","4","0","","14","12","2024","2","40.779479","-77.880339","1835","2","0","0","0","0","0","0","0","1","","0","0","0","","","0","","1","","40 46:46.125","2","0","77 52:49.222","0","0","0","0","14206","0","0","0","N","0","0","0","2","14206","0","","1.0","1915.0","9","N","N","N","0","","0","0","1","","2","N","","2","0","0","0","0","0","0","2","0","2","07","07","","N","","","","","","","","","",""
"2024113725","0732","1","0","0","0","0","0","0","0","0","7","0","","14","12","2024","2","40.807344","-77.831773","0716","2","0","0","0","0","0","0","0","0","","0","0","0","","","0","N","0","","40 48:26.440","2","0","77 49:54.384","0","0","0","0","14204","0","0","0","N","0","0","0","1","14410","0","","5.0","830.0","7","N","N","N","0","","0","0","0","","0","N","","1","0","0","0","0","0","0","2","0","1","10","10","","N","","","","","","","","","",""
"2024093004","1601","1","0","0","1","0","0","0","0","0","8","0","","14","10","2024","2","40.801738","-77.886932","1556","2","0","0","0","0","0","0","0","0","","0","0","0","","","1","","1","","40 48:06.256","3","0","77 53:12.955","3","0","0","0","14206","1","0","0","N","0","0","0","2","14206","0","","1.0","1649.0","1","N","N","N","0","","1","0","0","","3","N","","2","1","0","0","0","0","0","2","0","1","03","","","N","","","","","","","","","",""
"2024108835","0831","0","0","0","0","0","0","0","0","0","7","0","","14","11","2024","7","41.002178","-77.203528","0736","2","0","0","0","0","0","0","0","0","","0","0","0","","","1","N","0","","41 00:07.840","","0","77 12:12.700","3","0","0","0","14215","0","0","0","N","0","0","0","1","68G07","0","","4.0","","3","N","N","N","1","","1","0","0","","0","","","1","1","1","0","0","0","0","1","0","1","03","","","N","","","","","","","","","",""
"2024103664","2023","0","0","0","0","0","0","0","0","0","1","0","","14","11","2024","1","40.834841","-77.83537","2016","2","0","0","0","0","0","0","1","0","","0","0","0","","","1","N","0","","40 50:05.427","1","0","77 50:07.332","4","0","0","0","14204","0","0","0","N","0","0","0","3","68G07","1","","1.0","2113.0","9","N","N","N","0","","0","0","2","","0","N","","2","1","0","0","0","0","1","1","0","2","07","","","N","","","","","","","","","",""
"2024100409","1604","0","0","1","0","0","0","0","0","0","1","0","","14","11","2024","1","40.966702","-77.646946","1551","2","0","0","0","0","0","1","1","1","","0","0","0","","","2","N","0","","40 58:00.126","3","0","77 38:49.004","2","0","0","0","14214","0","0","0","N","0","0","0","6","68G07","0","","1.0","1751.0","1","N","N","Y","1","","1","1","3","","0","Y","","4","2","0","0","0","0","0","1","0","4","03","03","","N","","","","","","","","","",""
"2024106477","1209","2","0","0","0","0","0","0","0","0","4","0","","14","11","2024","1","40.809124","-77.905579","1204","2","0","0","0","0","0","0","1","0","","0","0","0","","","0","","2","","40 48:32.846","2","0","77 54:20.085","0","0","0","0","14216","0","0","0","N","0","0","0","2","14216","0","","1.0","1250.0","1","N","N","N","0","","0","0","0","","2","N","","2","0","0","0","0","0","0","2","0","2","04","","","N","","","","","","","","","",""
"2024106440","0944","0","0","0","0","0","0","0","0","0","4","0","","14","11","2024","2","40.813279","-77.921558","0938","2","0","0","0","0","0","1","1","0","","0","0","0","","","0","","1","","40 48:47.804","","2","77 55:17.610","0","0","0","0","14216","0","0","0","N","0","0","0","3","14216","0","","1.0","","1","N","N","N","1","","0","0","1","","2","","","2","0","0","0","0","0","0","2","0","2","03","","","N","","","","","","","","","",""
"2024110963","1118","0","0","0","0","0","0","0","0","0","1","1","","14","12","2024","5","40.928364","-77.661522","1056","2","0","0","0","0","0","0","0","0","","0","1","0","","","0","N","0","","40 55:42.112","1","0","77 39:41.480","0","0","0","0","14224","0","0","0","N","0","0","0","2","68G07","0","","2.0","1225.0","7","N","N","N","0","","0","0","0","","0","N","","2","0","0","0","0","0","0","1","1","2","02","","","N","","","","","","","","","",""
"2024098229","2009","0","0","0","0","0","0","0","0","0","4","0","","14","10","2024","4","40.872531","-77.737038","2006","2","1","0","0","0","0","0","0","0","","0","0","0","","","1","","1","","40 52:21.111","3","0","77 44:13.338","4","0","0","0","14221","0","0","0","N","0","0","0","2","14221","1","","1.0","2108.0","1","N","N","N","1","","0","0","1","","2","N","","2","1","0","0","0","0","0","2","0","2","03","03","","N","","","","","","","","","",""
"2025006005","2144","0","0","0","0","0","0","0","0","0","7","0","","14","12","2024","1","40.929132","-77.494737","2126","2","0","0","0","0","0","0","0","0","","0","0","0","","","0","N","0","","40 55:44.876","","0","77 29:41.054","9","0","0","0","14215","0","0","0","N","0","0","0","1","68G07","0","","5.0","","9","N","N","N","0","","0","0","1","","0","","","1","0","0","0","0","0","1","1","0","1","07","07","","N","","","","","","","","","",""